GOOG,Date
1781.7700,2020-12-11
1775.3300,2020-12-10
1784.1300,2020-12-09
1818.5500,2020-12-08
1819.4800,2020-12-07
1827.9900,2020-12-04
1826.7700,2020-12-03
1827.9500,2020-12-02
1798.1000,2020-12-01
1760.7400,2020-11-30
1793.1900,2020-11-27
1771.4300,2020-11-25
1768.8800,2020-11-24
1734.8600,2020-11-23
1742.1900,2020-11-20
1763.9200,2020-11-19
1746.7800,2020-11-18
1770.1500,2020-11-17
1781.3800,2020-11-16
1777.0200,2020-11-13
1749.8400,2020-11-12
1752.7100,2020-11-11
1740.3900,2020-11-10
1763.0000,2020-11-09
1761.7500,2020-11-06
1763.3700,2020-11-05
1749.1300,2020-11-04
1650.2100,2020-11-03
1626.0300,2020-11-02
1621.0100,2020-10-30
1567.2400,2020-10-29
1516.6200,2020-10-28
1604.2600,2020-10-27
1590.4500,2020-10-26
1641.0000,2020-10-23
1615.3300,2020-10-22
1593.3100,2020-10-21
1555.9300,2020-10-20
1534.6100,2020-10-19
1573.0100,2020-10-16
1559.1300,2020-10-15
1568.0800,2020-10-14
1571.6800,2020-10-13
1569.1500,2020-10-12
1515.2200,2020-10-09
1485.9300,2020-10-08
1460.2900,2020-10-07
1453.4400,2020-10-06
1486.0200,2020-10-05
1458.4200,2020-10-02
1490.0900,2020-10-01
1469.6000,2020-09-30
1469.3300,2020-09-29
1464.5200,2020-09-28
1444.9600,2020-09-25
1428.2900,2020-09-24
1415.2100,2020-09-23
1465.4600,2020-09-22
1431.1600,2020-09-21
1459.9900,2020-09-18
1495.5300,2020-09-17
1520.9000,2020-09-16
1541.4400,2020-09-15
1519.2800,2020-09-14
1520.7200,2020-09-11
1532.0200,2020-09-10
1556.9600,2020-09-09
1532.3900,2020-09-08
1591.0400,2020-09-04
1641.8400,2020-09-03
1728.2800,2020-09-02
1660.7100,2020-09-01
1634.1800,2020-08-31
1644.4100,2020-08-28
1634.3300,2020-08-27
1652.3800,2020-08-26
1608.2200,2020-08-25
1588.2000,2020-08-24
1580.4200,2020-08-21
1581.7500,2020-08-20
1547.5300,2020-08-19
1558.6000,2020-08-18
1517.9800,2020-08-17
1507.7300,2020-08-14
1518.4500,2020-08-13
1506.6200,2020-08-12
1480.3200,2020-08-11
1496.1000,2020-08-10
1494.4900,2020-08-07
1500.1000,2020-08-06
1473.6100,2020-08-05
1464.9700,2020-08-04
1474.4500,2020-08-03
1482.9600,2020-07-31
1531.4500,2020-07-30
1522.0200,2020-07-29
1500.3400,2020-07-28
1530.2000,2020-07-27
1511.8700,2020-07-24
1515.6800,2020-07-23
1568.4900,2020-07-22
1558.4200,2020-07-21
1565.7200,2020-07-20
1515.5500,2020-07-17
1518.0000,2020-07-16
1513.6400,2020-07-15
1520.5800,2020-07-14
1511.3400,2020-07-13
1541.7400,2020-07-10
1510.9900,2020-07-09
1496.0000,2020-07-08
1485.1800,2020-07-07
1495.7000,2020-07-06
1464.7000,2020-07-02
1438.0400,2020-07-01
1413.6100,2020-06-30
1394.9700,2020-06-29
1359.9000,2020-06-26
1441.3300,2020-06-25
1431.9700,2020-06-24
1464.4100,2020-06-23
1451.8600,2020-06-22
1431.7200,2020-06-19
1435.9600,2020-06-18
1451.1200,2020-06-17
1442.7200,2020-06-16
1419.8500,2020-06-15
1413.1800,2020-06-12
1403.8400,2020-06-11
1465.8500,2020-06-10
1456.1600,2020-06-09
1446.6100,2020-06-08
1438.3900,2020-06-05
1412.1800,2020-06-04
1436.3800,2020-06-03
1439.2200,2020-06-02
1431.8200,2020-06-01
1428.9200,2020-05-29
1416.7300,2020-05-28
1417.8400,2020-05-27
1417.0200,2020-05-26
1410.4200,2020-05-22
1402.8000,2020-05-21
1406.7200,2020-05-20
1373.4800,2020-05-19
1383.9400,2020-05-18
1373.1900,2020-05-15
1356.1300,2020-05-14
1349.3300,2020-05-13
1375.7400,2020-05-12
1403.2600,2020-05-11
1388.3700,2020-05-08
1372.5600,2020-05-07
1347.3000,2020-05-06
1351.1100,2020-05-05
1326.8000,2020-05-04
1320.6100,2020-05-01
1348.6600,2020-04-30
1341.4800,2020-04-29
1233.6700,2020-04-28
1275.8800,2020-04-27
1279.3100,2020-04-24
1276.3100,2020-04-23
1263.2100,2020-04-22
1216.3400,2020-04-21
1266.6100,2020-04-20
1283.2500,2020-04-17
1263.4700,2020-04-16
1262.4700,2020-04-15
1269.2300,2020-04-14
1217.5600,2020-04-13
1211.4500,2020-04-09
1210.2800,2020-04-08
1186.5100,2020-04-07
1186.9200,2020-04-06
1097.8800,2020-04-03
1120.8400,2020-04-02
1105.6200,2020-04-01
1162.8100,2020-03-31
1146.8200,2020-03-30
1110.7100,2020-03-27
1161.7500,2020-03-26
1102.4900,2020-03-25
1134.4600,2020-03-24
1056.6200,2020-03-23
1072.3200,2020-03-20
1115.2900,2020-03-19
1096.8000,2020-03-18
1119.8000,2020-03-17
1084.3300,2020-03-16
1219.7300,2020-03-13
1114.9100,2020-03-12
1215.4100,2020-03-11
1280.3900,2020-03-10
1215.5600,2020-03-09
1298.4100,2020-03-06
1319.0400,2020-03-05
1386.5200,2020-03-04
1341.3900,2020-03-03
1389.1100,2020-03-02
1339.3300,2020-02-28
1318.0900,2020-02-27
1393.1800,2020-02-26
1388.4500,2020-02-25
1421.5900,2020-02-24
1485.1100,2020-02-21
1518.1500,2020-02-20
1526.6900,2020-02-19
1519.6700,2020-02-18
1520.7400,2020-02-14
1514.6600,2020-02-13
1518.2700,2020-02-12
1508.7900,2020-02-11
1508.6800,2020-02-10
1479.2300,2020-02-07
1476.2300,2020-02-06
1448.2300,2020-02-05
1447.0700,2020-02-04
1485.9400,2020-02-03
1434.2300,2020-01-31
1455.8400,2020-01-30
1458.6300,2020-01-29
1452.5600,2020-01-28
1433.9000,2020-01-27
1466.7100,2020-01-24
1486.6500,2020-01-23
1485.9500,2020-01-22
1484.4000,2020-01-21
1480.3900,2020-01-17
1451.7000,2020-01-16
1439.2000,2020-01-15
1430.8800,2020-01-14
1439.2300,2020-01-13
1429.7300,2020-01-10
1419.8300,2020-01-09
1404.3200,2020-01-08
1393.3400,2020-01-07
1394.2100,2020-01-06
1360.6600,2020-01-03
1367.3700,2020-01-02
1337.0200,2019-12-31
1336.1400,2019-12-30
1351.8900,2019-12-27
1360.4000,2019-12-26
1343.5600,2019-12-24
1348.8400,2019-12-23
1349.5900,2019-12-20
1356.0400,2019-12-19
1352.6200,2019-12-18
1355.1200,2019-12-17
1361.1700,2019-12-16
1347.8300,2019-12-13
1350.2700,2019-12-12
1345.0200,2019-12-11
1344.6600,2019-12-10
1343.5600,2019-12-09
1340.6200,2019-12-06
1328.1300,2019-12-05
1320.5400,2019-12-04
1295.2800,2019-12-03
1289.9200,2019-12-02
1304.9600,2019-11-29
1312.9900,2019-11-27
1313.5500,2019-11-26
1306.6900,2019-11-25
1295.3400,2019-11-22
1301.3500,2019-11-21
1303.0500,2019-11-20
1315.4600,2019-11-19
1320.7000,2019-11-18
1334.8700,2019-11-15
1311.4600,2019-11-14
1298.0000,2019-11-13
1298.8000,2019-11-12
1299.1900,2019-11-11
1311.3700,2019-11-08
1308.8600,2019-11-07
1291.8000,2019-11-06
1292.0300,2019-11-05
1291.3700,2019-11-04
1273.7400,2019-11-01
1260.1100,2019-10-31
1261.2900,2019-10-30
1262.6200,2019-10-29
1290.0000,2019-10-28
1265.1300,2019-10-25
1260.9900,2019-10-24
1259.1300,2019-10-23
1242.8000,2019-10-22
1246.1500,2019-10-21
1245.4900,2019-10-18
1253.0700,2019-10-17
1243.6400,2019-10-16
1243.0100,2019-10-15
1217.1400,2019-10-14
1215.4500,2019-10-11
1208.6700,2019-10-10
1202.3100,2019-10-09
1189.1300,2019-10-08
1207.6800,2019-10-07
1209.0000,2019-10-04
1187.8300,2019-10-03
1176.6300,2019-10-02
1205.1000,2019-10-01
1219.0000,2019-09-30
1225.0900,2019-09-27
1241.3900,2019-09-26
1246.5200,2019-09-25
1218.7600,2019-09-24
1234.0300,2019-09-23
1229.9300,2019-09-20
1238.7100,2019-09-19
1232.4100,2019-09-18
1229.1500,2019-09-17
1231.3000,2019-09-16
1239.5600,2019-09-13
1234.2500,2019-09-12
1220.1700,2019-09-11
1206.0000,2019-09-10
1204.4100,2019-09-09
1204.9300,2019-09-06
1211.3800,2019-09-05
1181.4100,2019-09-04
1168.3900,2019-09-03
1188.1000,2019-08-30
1192.8500,2019-08-29
1171.0200,2019-08-28
1167.8400,2019-08-27
1168.8900,2019-08-26
1151.2900,2019-08-23
1189.5300,2019-08-22
1191.2500,2019-08-21
1182.6900,2019-08-20
1198.4500,2019-08-19
1177.6000,2019-08-16
1167.2600,2019-08-15
1164.2900,2019-08-14
1197.2700,2019-08-13
1174.7100,2019-08-12
1188.0100,2019-08-09
1204.8000,2019-08-08
1173.9900,2019-08-07
1169.9500,2019-08-06
1152.3200,2019-08-05
1193.9900,2019-08-02
1209.0100,2019-08-01
1216.6800,2019-07-31
1225.1400,2019-07-30
1239.4100,2019-07-29
1250.4100,2019-07-26
1132.1200,2019-07-25
1137.8100,2019-07-24
1146.2100,2019-07-23
1138.0700,2019-07-22
1130.1000,2019-07-19
1146.3300,2019-07-18
1146.3500,2019-07-17
1153.5800,2019-07-16
1150.3400,2019-07-15
1144.9000,2019-07-12
1144.2100,2019-07-11
1140.4800,2019-07-10
1124.8300,2019-07-09
1116.3500,2019-07-08
1131.5900,2019-07-05
1121.5800,2019-07-03
1111.2500,2019-07-02
1097.9500,2019-07-01
1080.9100,2019-06-28
1076.0100,2019-06-27
1079.8000,2019-06-26
1086.3500,2019-06-25
1115.5200,2019-06-24
1121.8800,2019-06-21
1111.4200,2019-06-20
1102.3300,2019-06-19
1103.6000,2019-06-18
1092.5000,2019-06-17
1085.3500,2019-06-14
1088.7700,2019-06-13
1077.0300,2019-06-12
1078.7200,2019-06-11
1080.3800,2019-06-10
1066.0400,2019-06-07
1044.3400,2019-06-06
1042.2200,2019-06-05
1053.0500,2019-06-04
1036.2300,2019-06-03
1103.6300,2019-05-31
1117.9500,2019-05-30
1116.4600,2019-05-29
1134.1500,2019-05-28
1133.4700,2019-05-24
1140.7700,2019-05-23
1151.4200,2019-05-22
1149.6300,2019-05-21
1138.8500,2019-05-20
1162.3000,2019-05-17
1178.9800,2019-05-16
1164.2100,2019-05-15
1120.4400,2019-05-14
1132.0300,2019-05-13
1164.2700,2019-05-10
1162.3800,2019-05-09
1166.2700,2019-05-08
1174.1000,2019-05-07
1189.3900,2019-05-06
1185.4000,2019-05-03
1162.6100,2019-05-02
1168.0800,2019-05-01
1188.4800,2019-04-30
1287.5800,2019-04-29
1272.1800,2019-04-26
1263.4500,2019-04-25
1256.0000,2019-04-24
1264.5500,2019-04-23
1248.8400,2019-04-22
1236.3700,2019-04-18
1236.3400,2019-04-17
1227.1300,2019-04-16
1221.1000,2019-04-15
1217.8700,2019-04-12
1204.6200,2019-04-11
1202.1600,2019-04-10
1197.2500,2019-04-09
1203.8400,2019-04-08
1207.1500,2019-04-05
1215.0000,2019-04-04
1205.9200,2019-04-03
1200.4900,2019-04-02
1194.4300,2019-04-01
1173.3100,2019-03-29
1168.4900,2019-03-28
1173.0200,2019-03-27
1184.6200,2019-03-26
1193.0000,2019-03-25
1205.5000,2019-03-22
1231.5400,2019-03-21
1223.9700,2019-03-20
1198.8500,2019-03-19
1184.2600,2019-03-18
1184.4600,2019-03-15
1185.5500,2019-03-14
1193.3200,2019-03-13
1193.2000,2019-03-12
1175.7600,2019-03-11
1142.3200,2019-03-08
1143.3000,2019-03-07
1157.8600,2019-03-06
1162.0300,2019-03-05
1147.8000,2019-03-04
1140.9900,2019-03-01
1119.9200,2019-02-28
1116.0500,2019-02-27
1115.1300,2019-02-26
1109.4000,2019-02-25
1110.3700,2019-02-22
1096.9700,2019-02-21
1113.8000,2019-02-20
1118.5600,2019-02-19
1113.6500,2019-02-15
1121.6700,2019-02-14
1120.1600,2019-02-13
1121.3700,2019-02-12
1095.0100,2019-02-11
1095.0600,2019-02-08
1098.7100,2019-02-07
1115.2300,2019-02-06
1145.9900,2019-02-05
1132.8000,2019-02-04
1110.7500,2019-02-01
1116.3700,2019-01-31
1089.0600,2019-01-30
1060.6200,2019-01-29
1070.0800,2019-01-28
1090.9900,2019-01-25
1073.9000,2019-01-24
1075.5700,2019-01-23
1070.5200,2019-01-22
1098.2600,2019-01-18
1089.9000,2019-01-17
1080.9700,2019-01-16
1077.1500,2019-01-15
1044.6900,2019-01-14
1057.1900,2019-01-11
1070.3300,2019-01-10
1074.6600,2019-01-09
1076.2800,2019-01-08
1068.3900,2019-01-07
1070.7100,2019-01-04
1016.0600,2019-01-03
1045.8500,2019-01-02
1035.6100,2018-12-31
1037.0800,2018-12-28
1043.8800,2018-12-27
1039.4600,2018-12-26
976.2200,2018-12-24
979.5400,2018-12-21
1009.4100,2018-12-20
1023.0100,2018-12-19
1028.7100,2018-12-18
1016.5300,2018-12-17
1042.1000,2018-12-14
1061.9000,2018-12-13
1063.6800,2018-12-12
1051.7500,2018-12-11
1039.5500,2018-12-10
1036.5800,2018-12-07
1068.7300,2018-12-06
1050.8200,2018-12-04
1106.4300,2018-12-03
1094.4300,2018-11-30
1088.3000,2018-11-29
1086.2300,2018-11-28
1044.4100,2018-11-27
1048.6200,2018-11-26
1023.8800,2018-11-23
1037.6100,2018-11-21
1025.7600,2018-11-20
1020.0000,2018-11-19
1061.4900,2018-11-16
1064.7100,2018-11-15
1043.6600,2018-11-14
1036.0500,2018-11-13
1038.6300,2018-11-12
1066.1500,2018-11-09
1082.4000,2018-11-08
1093.3900,2018-11-07
1055.8100,2018-11-06
1040.0900,2018-11-05
1057.7900,2018-11-02
1070.0000,2018-11-01
1076.7700,2018-10-31
1036.2100,2018-10-30
1020.0800,2018-10-29
1071.4700,2018-10-26
1095.5700,2018-10-25
1050.7100,2018-10-24
1103.6900,2018-10-23
1101.1600,2018-10-22
1096.4600,2018-10-19
1087.9700,2018-10-18
1115.6900,2018-10-17
1121.2800,2018-10-16
1092.2500,2018-10-15
1110.0800,2018-10-12
1079.3200,2018-10-11
1081.2200,2018-10-10
1138.8200,2018-10-09
1148.9700,2018-10-08
1157.3500,2018-10-05
1168.1900,2018-10-04
1202.9500,2018-10-03
1200.1100,2018-10-02
1195.3100,2018-10-01
1193.4700,2018-09-28
1194.6400,2018-09-27
1180.4900,2018-09-26
1184.6500,2018-09-25
1173.3700,2018-09-24
1166.0900,2018-09-21
1186.8700,2018-09-20
1171.0900,2018-09-19
1161.2200,2018-09-18
1156.0500,2018-09-17
1172.5300,2018-09-14
1175.3300,2018-09-13
1162.8200,2018-09-12
1177.3600,2018-09-11
1164.6400,2018-09-10
1164.8300,2018-09-07
1171.4400,2018-09-06
1186.4800,2018-09-05
1197.0000,2018-09-04
1218.1900,2018-08-31
1239.1200,2018-08-30
1249.3000,2018-08-29
1231.1500,2018-08-28
1241.8200,2018-08-27
1220.6500,2018-08-24
1205.3800,2018-08-23
1207.3300,2018-08-22
1201.6200,2018-08-21
1207.7700,2018-08-20
1200.9600,2018-08-17
1206.4900,2018-08-16
1214.3800,2018-08-15
1242.1000,2018-08-14
1235.0100,2018-08-13
1237.6100,2018-08-10
1249.1000,2018-08-09
1245.6100,2018-08-08
1242.2200,2018-08-07
1224.7700,2018-08-06
1223.7100,2018-08-03
1226.1500,2018-08-02
1220.0100,2018-08-01
1217.2600,2018-07-31
1219.7400,2018-07-30
1238.5000,2018-07-27
1268.3300,2018-07-26
1263.7000,2018-07-25
1248.0800,2018-07-24
1205.5000,2018-07-23
1184.9100,2018-07-20
1186.9600,2018-07-19
1195.8800,2018-07-18
1198.8000,2018-07-17
1183.8600,2018-07-16
1188.8200,2018-07-13
1183.4800,2018-07-12
1153.9000,2018-07-11
1152.8400,2018-07-10
1154.0500,2018-07-09
1140.1700,2018-07-06
1124.2700,2018-07-05
1102.8900,2018-07-03
1127.4600,2018-07-02
1115.6500,2018-06-29
1114.2200,2018-06-28
1103.9800,2018-06-27
1118.4600,2018-06-26
1124.8100,2018-06-25
1155.4800,2018-06-22
1157.6600,2018-06-21
1169.8400,2018-06-20
1168.0600,2018-06-19
1173.4600,2018-06-18
1152.2600,2018-06-15
1152.1200,2018-06-14
1134.7900,2018-06-13
1139.3200,2018-06-12
1129.9900,2018-06-11
1120.8700,2018-06-08
1123.8600,2018-06-07
1136.8800,2018-06-06
1139.6600,2018-06-05
1139.2900,2018-06-04
1119.5000,2018-06-01
1084.9900,2018-05-31
1067.8000,2018-05-30
1060.3200,2018-05-29
1075.6600,2018-05-25
1079.2400,2018-05-24
1079.6900,2018-05-23
1069.7300,2018-05-22
1079.5800,2018-05-21
1066.3600,2018-05-18
1078.5900,2018-05-17
1081.7700,2018-05-16
1079.2300,2018-05-15
1100.2000,2018-05-14
1098.2600,2018-05-11
1097.5700,2018-05-10
1082.7600,2018-05-09
1053.9100,2018-05-08
1054.7900,2018-05-07
1048.2100,2018-05-04
1023.7200,2018-05-03
1024.3800,2018-05-02
1037.3100,2018-05-01
1017.3300,2018-04-30
1030.0500,2018-04-27
1040.0400,2018-04-26
1021.1800,2018-04-25
1019.9800,2018-04-24
1067.4500,2018-04-23
1072.9600,2018-04-20
1087.7000,2018-04-19
1072.0800,2018-04-18
1074.1600,2018-04-17
1037.9800,2018-04-16
1029.2700,2018-04-13
1032.5100,2018-04-12
1019.9700,2018-04-11
1031.6400,2018-04-10
1015.4500,2018-04-09
1007.0400,2018-04-06
1027.8100,2018-04-05
1025.1400,2018-04-04
1013.4100,2018-04-03
1006.4700,2018-04-02
1031.7900,2018-03-29
1004.5600,2018-03-28
1005.1000,2018-03-27
1053.2100,2018-03-26
1021.5700,2018-03-23
1049.0800,2018-03-22
1090.8800,2018-03-21
1097.7100,2018-03-20
1099.8200,2018-03-19
1135.7300,2018-03-16
1149.5800,2018-03-15
1149.4900,2018-03-14
1138.1700,2018-03-13
1164.5000,2018-03-12
1160.0400,2018-03-09
1126.0000,2018-03-08
1109.6400,2018-03-07
1095.0600,2018-03-06
1090.9300,2018-03-05
1078.9200,2018-03-02
1069.5200,2018-03-01
1104.7300,2018-02-28
1118.2900,2018-02-27
1143.7500,2018-02-26
1126.7900,2018-02-23
1106.6300,2018-02-22
1111.3400,2018-02-21
1102.4600,2018-02-20
1094.8000,2018-02-16
1089.5200,2018-02-15
1069.7000,2018-02-14
1052.1000,2018-02-13
1051.9400,2018-02-12
1037.7800,2018-02-09
1001.5200,2018-02-08
1048.5800,2018-02-07
1080.6000,2018-02-06
1055.8000,2018-02-05
1111.9000,2018-02-02
1167.7000,2018-02-01
1169.9400,2018-01-31
1163.6900,2018-01-30
1175.5800,2018-01-29
1175.8400,2018-01-26
1170.3700,2018-01-25
1164.2400,2018-01-24
1169.9700,2018-01-23
1155.8100,2018-01-22
1137.5100,2018-01-19
1129.7900,2018-01-18
1131.9800,2018-01-17
1121.7600,2018-01-16
1122.2600,2018-01-12
1105.5200,2018-01-11
1102.6100,2018-01-10
1106.2600,2018-01-09
1106.9400,2018-01-08
1102.2300,2018-01-05
1086.4000,2018-01-04
1082.4800,2018-01-03
1065.0000,2018-01-02
1046.4000,2017-12-29
1048.1400,2017-12-28
1049.3700,2017-12-27
1056.7400,2017-12-26
1060.1200,2017-12-22
1063.6300,2017-12-21
1064.9500,2017-12-20
1070.6800,2017-12-19
1077.1400,2017-12-18
1064.1900,2017-12-15
1049.1500,2017-12-14
1040.6100,2017-12-13
1040.4800,2017-12-12
1041.1000,2017-12-11
1037.0500,2017-12-08
1030.9300,2017-12-07
1018.3800,2017-12-06
1005.1500,2017-12-05
998.6800,2017-12-04
1010.1700,2017-12-01
1021.4100,2017-11-30
1021.6600,2017-11-29
1047.4100,2017-11-28
1054.2100,2017-11-27
1040.6100,2017-11-24
1035.9600,2017-11-22
1034.4900,2017-11-21
1018.3800,2017-11-20
1019.0900,2017-11-17
1032.5000,2017-11-16
1020.9100,2017-11-15
1026.0000,2017-11-14
1025.7500,2017-11-13
1028.0700,2017-11-10
1031.2600,2017-11-09
1039.8500,2017-11-08
1033.3300,2017-11-07
1025.9000,2017-11-06
1032.4800,2017-11-03
1025.5800,2017-11-02
1025.5000,2017-11-01
1016.6400,2017-10-31
1017.1100,2017-10-30
1019.2700,2017-10-27
972.5600,2017-10-26
973.3300,2017-10-25
970.5400,2017-10-24
968.4500,2017-10-23
988.2000,2017-10-20
984.4500,2017-10-19
992.8100,2017-10-18
992.1800,2017-10-17
992.0000,2017-10-16
989.6800,2017-10-13
987.8300,2017-10-12
989.2500,2017-10-11
972.6000,2017-10-10
977.0000,2017-10-09
978.8900,2017-10-06
969.9600,2017-10-05
951.6800,2017-10-04
957.7900,2017-10-03
953.2700,2017-10-02
959.1100,2017-09-29
949.5000,2017-09-28
944.4900,2017-09-27
924.8600,2017-09-26
920.9700,2017-09-25
928.5300,2017-09-22
932.4500,2017-09-21
931.5800,2017-09-20
921.8100,2017-09-19
915.0000,2017-09-18
920.2900,2017-09-15
925.1100,2017-09-14
935.0900,2017-09-13
932.0700,2017-09-12
929.0800,2017-09-11
926.5000,2017-09-08
935.9500,2017-09-07
927.8100,2017-09-06
928.4500,2017-09-05
937.3400,2017-09-01
939.3300,2017-08-31
929.5700,2017-08-30
921.2900,2017-08-29
913.8100,2017-08-28
915.8900,2017-08-25
921.2800,2017-08-24
927.0000,2017-08-23
924.6900,2017-08-22
906.6600,2017-08-21
910.6700,2017-08-18
910.9800,2017-08-17
926.9600,2017-08-16
922.2200,2017-08-15
922.6700,2017-08-14
914.3900,2017-08-11
907.2400,2017-08-10
922.9000,2017-08-09
926.7900,2017-08-08
929.3600,2017-08-07
927.9600,2017-08-04
923.6500,2017-08-03
930.3900,2017-08-02
930.8300,2017-08-01
930.5000,2017-07-31
941.5300,2017-07-28
934.0900,2017-07-27
947.8000,2017-07-26
950.7000,2017-07-25
980.3400,2017-07-24
972.9200,2017-07-21
968.1500,2017-07-20
970.8900,2017-07-19
965.4000,2017-07-18
953.4200,2017-07-17
955.9900,2017-07-14
947.1600,2017-07-13
943.8300,2017-07-12
930.0900,2017-07-11
928.8000,2017-07-10
918.5900,2017-07-07
906.6900,2017-07-06
911.7100,2017-07-05
898.7000,2017-07-03
908.7300,2017-06-30
917.7900,2017-06-29
940.4900,2017-06-28
927.3300,2017-06-27
952.2700,2017-06-26
965.5900,2017-06-23
957.0900,2017-06-22
959.4500,2017-06-21
950.6300,2017-06-20
957.3700,2017-06-19
939.7800,2017-06-16
942.3100,2017-06-15
950.7600,2017-06-14
953.4000,2017-06-13
942.9000,2017-06-12
949.8300,2017-06-09
983.4100,2017-06-08
980.9400,2017-06-07
976.5700,2017-06-06
983.6800,2017-06-05
975.6000,2017-06-02
966.9500,2017-06-01
964.8600,2017-05-31
975.8800,2017-05-30
971.4700,2017-05-26
969.5400,2017-05-25
954.9600,2017-05-24
948.8200,2017-05-23
941.8600,2017-05-22
934.0100,2017-05-19
930.2400,2017-05-18
919.6200,2017-05-17
943.0000,2017-05-16
937.0800,2017-05-15
932.2200,2017-05-12
930.6000,2017-05-11
928.7800,2017-05-10
932.1700,2017-05-09
934.3000,2017-05-08
927.1300,2017-05-05
931.6600,2017-05-04
927.0400,2017-05-03
916.4400,2017-05-02
912.5700,2017-05-01
905.9600,2017-04-28
874.2500,2017-04-27
871.7300,2017-04-26
872.3000,2017-04-25
862.7600,2017-04-24
843.1900,2017-04-21
841.6500,2017-04-20
838.2100,2017-04-19
836.8200,2017-04-18
837.1700,2017-04-17
823.5600,2017-04-13
824.3200,2017-04-12
823.3500,2017-04-11
824.7300,2017-04-10
824.6700,2017-04-07
827.8800,2017-04-06
831.4100,2017-04-05
834.5700,2017-04-04
838.5500,2017-04-03
829.5600,2017-03-31
831.5000,2017-03-30
831.4100,2017-03-29
820.9200,2017-03-28
819.5100,2017-03-27
814.4300,2017-03-24
817.5800,2017-03-23
829.5900,2017-03-22
830.4600,2017-03-21
848.4000,2017-03-20
852.1200,2017-03-17
848.7800,2017-03-16
847.2000,2017-03-15
845.6200,2017-03-14
845.5400,2017-03-13
843.2500,2017-03-10
838.6800,2017-03-09
835.3700,2017-03-08
831.9100,2017-03-07
827.7800,2017-03-06
829.0800,2017-03-03
830.6300,2017-03-02
835.2400,2017-03-01
823.2100,2017-02-28
829.2800,2017-02-27
828.6400,2017-02-24
831.3300,2017-02-23
830.7600,2017-02-22
831.6600,2017-02-21
828.0700,2017-02-17
824.1600,2017-02-16
818.9800,2017-02-15
820.4500,2017-02-14
819.2400,2017-02-13
813.6700,2017-02-10
809.5600,2017-02-09
808.3800,2017-02-08
806.9700,2017-02-07
801.3400,2017-02-06
801.4900,2017-02-03
798.5300,2017-02-02
795.6950,2017-02-01
796.7900,2017-01-31
802.3200,2017-01-30
823.3100,2017-01-27
832.1500,2017-01-26
835.6700,2017-01-25
823.8700,2017-01-24
819.3100,2017-01-23
805.0200,2017-01-20
802.1750,2017-01-19
806.0700,2017-01-18
804.6100,2017-01-17
807.8800,2017-01-13
806.3600,2017-01-12
807.9100,2017-01-11
804.7900,2017-01-10
806.6500,2017-01-09
806.1500,2017-01-06
794.0200,2017-01-05
786.9000,2017-01-04
786.1400,2017-01-03
771.8200,2016-12-30
782.7900,2016-12-29
785.0500,2016-12-28
791.5500,2016-12-27
789.9100,2016-12-23
791.2600,2016-12-22
794.5600,2016-12-21
796.4200,2016-12-20
794.2000,2016-12-19
790.8000,2016-12-16
797.8500,2016-12-15
797.0700,2016-12-14
796.1000,2016-12-13
789.2700,2016-12-12
789.2900,2016-12-09
776.4200,2016-12-08
771.1900,2016-12-07
759.1100,2016-12-06
762.5200,2016-12-05
750.5000,2016-12-02
747.9200,2016-12-01
758.0400,2016-11-30
770.8400,2016-11-29
768.2400,2016-11-28
761.6800,2016-11-25
760.9900,2016-11-23
768.2700,2016-11-22
769.2000,2016-11-21
760.5400,2016-11-18
771.2300,2016-11-17
764.4800,2016-11-16
758.4900,2016-11-15
736.0800,2016-11-14
754.0200,2016-11-11
762.5600,2016-11-10
785.3100,2016-11-09
790.5100,2016-11-08
782.5200,2016-11-07
762.0200,2016-11-04
762.1300,2016-11-03
768.7000,2016-11-02
783.6100,2016-11-01
784.5400,2016-10-31
795.3700,2016-10-28
795.3500,2016-10-27
799.0700,2016-10-26
807.6700,2016-10-25
813.1100,2016-10-24
799.3700,2016-10-21
796.9700,2016-10-20
801.5600,2016-10-19
795.2600,2016-10-18
779.9600,2016-10-17
778.5300,2016-10-14
778.1900,2016-10-13
786.1400,2016-10-12
783.0700,2016-10-11
785.9400,2016-10-10
775.0800,2016-10-07
776.8600,2016-10-06
776.4700,2016-10-05
776.4300,2016-10-04
772.5600,2016-10-03
777.2900,2016-09-30
775.0100,2016-09-29
781.5600,2016-09-28
783.0100,2016-09-27
774.2100,2016-09-26
786.9000,2016-09-23
787.2100,2016-09-22
776.2200,2016-09-21
771.4100,2016-09-20
765.7000,2016-09-19
768.8800,2016-09-16
771.7600,2016-09-15
762.4900,2016-09-14
759.6900,2016-09-13
769.0200,2016-09-12
759.6600,2016-09-09
775.3200,2016-09-08
780.3500,2016-09-07
780.0800,2016-09-06
771.4600,2016-09-02
768.7800,2016-09-01
767.0500,2016-08-31
769.0900,2016-08-30
772.1500,2016-08-29
769.5400,2016-08-26
769.4100,2016-08-25
769.6400,2016-08-24
772.0800,2016-08-23
772.1500,2016-08-22
775.4200,2016-08-19
777.5000,2016-08-18
779.9100,2016-08-17
777.1400,2016-08-16
782.4400,2016-08-15
783.2200,2016-08-12
784.8500,2016-08-11
784.6800,2016-08-10
784.2600,2016-08-09
781.7600,2016-08-08
782.2200,2016-08-05
771.6100,2016-08-04
773.1800,2016-08-03
771.0700,2016-08-02
772.8800,2016-08-01
768.7900,2016-07-29
745.9100,2016-07-28
741.7700,2016-07-27
738.4200,2016-07-26
739.7700,2016-07-25
742.7400,2016-07-22
738.6300,2016-07-21
741.1900,2016-07-20
736.9600,2016-07-19
733.7800,2016-07-18
719.8500,2016-07-15
720.9500,2016-07-14
716.9800,2016-07-13
720.6400,2016-07-12
715.0900,2016-07-11
705.6300,2016-07-08
695.3600,2016-07-07
697.7700,2016-07-06
694.4900,2016-07-05
699.2100,2016-07-01
692.1000,2016-06-30
684.1100,2016-06-29
680.0400,2016-06-28
668.2600,2016-06-27
675.2200,2016-06-24
701.8700,2016-06-23
697.4600,2016-06-22
695.9400,2016-06-21
693.7100,2016-06-20
691.7200,2016-06-17
710.3600,2016-06-16
718.9200,2016-06-15
718.2700,2016-06-14
718.3600,2016-06-13
719.4100,2016-06-10
728.5800,2016-06-09
728.2800,2016-06-08
716.6500,2016-06-07
716.5500,2016-06-06
722.3400,2016-06-03
730.4000,2016-06-02
734.1500,2016-06-01
735.7200,2016-05-31
732.6600,2016-05-27
724.1200,2016-05-26
725.2700,2016-05-25
720.0900,2016-05-24
704.2400,2016-05-23
709.7400,2016-05-20
700.3200,2016-05-19
706.6300,2016-05-18
706.2300,2016-05-17
716.4900,2016-05-16
710.8300,2016-05-13
713.3100,2016-05-12
715.2900,2016-05-11
723.1800,2016-05-10
712.9000,2016-05-09
711.1200,2016-05-06
701.4300,2016-05-05
695.7000,2016-05-04
692.3600,2016-05-03
698.2100,2016-05-02
693.0100,2016-04-29
691.0200,2016-04-28
705.8400,2016-04-27
708.1400,2016-04-26
723.1500,2016-04-25
718.7700,2016-04-22
759.1400,2016-04-21
752.6700,2016-04-20
753.9300,2016-04-19
766.6100,2016-04-18
759.0000,2016-04-15
753.2000,2016-04-14
751.7200,2016-04-13
743.0900,2016-04-12
736.1000,2016-04-11
739.1500,2016-04-08
740.2800,2016-04-07
745.6900,2016-04-06
737.8000,2016-04-05
745.2900,2016-04-04
749.9100,2016-04-01
744.9500,2016-03-31
750.5300,2016-03-30
744.7700,2016-03-29
733.5300,2016-03-28
735.3000,2016-03-24
738.0600,2016-03-23
740.7500,2016-03-22
742.0900,2016-03-21
737.6000,2016-03-18
737.7800,2016-03-17
736.0900,2016-03-16
728.3300,2016-03-15
730.4900,2016-03-14
726.8200,2016-03-11
712.8200,2016-03-10
705.2400,2016-03-09
693.9700,2016-03-08
695.1600,2016-03-07
710.8900,2016-03-04
712.4200,2016-03-03
718.8500,2016-03-02
718.8100,2016-03-01
697.7700,2016-02-29
705.0700,2016-02-26
705.7500,2016-02-25
699.5600,2016-02-24
695.8500,2016-02-23
706.4600,2016-02-22
700.9100,2016-02-19
697.3500,2016-02-18
708.4000,2016-02-17
691.0000,2016-02-16
682.4000,2016-02-12
683.1100,2016-02-11
684.1200,2016-02-10
678.1100,2016-02-09
682.7400,2016-02-08
683.5700,2016-02-05
708.0100,2016-02-04
726.9500,2016-02-03
764.6500,2016-02-02
752.0000,2016-02-01
742.9500,2016-01-29
730.9600,2016-01-28
699.9900,2016-01-27
713.0400,2016-01-26
711.6700,2016-01-25
725.2500,2016-01-22
706.5900,2016-01-21
698.4500,2016-01-20
701.7900,2016-01-19
694.4500,2016-01-15
714.7200,2016-01-14
700.5600,2016-01-13
726.0700,2016-01-12
716.0300,2016-01-11
714.4700,2016-01-08
726.3900,2016-01-07
743.6200,2016-01-06
742.5800,2016-01-05
741.8400,2016-01-04
758.8800,2015-12-31
771.0000,2015-12-30
776.6000,2015-12-29
762.5100,2015-12-28
748.4000,2015-12-24
750.3100,2015-12-23
750.0000,2015-12-22
747.7700,2015-12-21
739.3100,2015-12-18
749.4300,2015-12-17
758.0900,2015-12-16
743.4000,2015-12-15
747.7700,2015-12-14
738.8700,2015-12-11
749.4600,2015-12-10
751.6100,2015-12-09
762.3700,2015-12-08
763.2500,2015-12-07
766.8100,2015-12-04
752.5400,2015-12-03
762.3800,2015-12-02
767.0400,2015-12-01
742.6000,2015-11-30
750.2600,2015-11-27
748.1500,2015-11-25
748.2800,2015-11-24
755.9800,2015-11-23
756.6000,2015-11-20
738.4100,2015-11-19
740.0000,2015-11-18
725.3000,2015-11-17
728.9600,2015-11-16
717.0000,2015-11-13
731.2300,2015-11-12
735.4000,2015-11-11
728.3200,2015-11-10
724.8900,2015-11-09
733.7600,2015-11-06
731.2500,2015-11-05
728.1100,2015-11-04
722.1600,2015-11-03
721.1100,2015-11-02
710.8100,2015-10-30
716.9200,2015-10-29
712.9500,2015-10-28
708.4900,2015-10-27
712.7800,2015-10-26
702.0000,2015-10-23
651.7900,2015-10-22
642.6100,2015-10-21
650.2800,2015-10-20
666.1000,2015-10-19
662.2000,2015-10-16
661.7400,2015-10-15
651.1600,2015-10-14
652.3000,2015-10-13
646.6700,2015-10-12
643.6100,2015-10-09
639.1600,2015-10-08
642.3600,2015-10-07
645.4400,2015-10-06
641.4700,2015-10-05
626.9100,2015-10-02
611.2900,2015-10-01
608.4200,2015-09-30
594.9700,2015-09-29
594.8900,2015-09-28
611.9700,2015-09-25
625.8000,2015-09-24
622.3600,2015-09-23
622.6900,2015-09-22
635.4400,2015-09-21
629.2500,2015-09-18
642.9000,2015-09-17
635.9800,2015-09-16
635.1400,2015-09-15
623.2400,2015-09-14
625.7700,2015-09-11
621.3500,2015-09-10
612.7200,2015-09-09
614.6600,2015-09-08
600.7000,2015-09-04
606.2500,2015-09-03
614.3400,2015-09-02
597.7900,2015-09-01
618.2500,2015-08-31
630.3800,2015-08-28
637.6100,2015-08-27
628.6200,2015-08-26
582.0600,2015-08-25
589.6100,2015-08-24
612.4800,2015-08-21
646.8300,2015-08-20
660.9000,2015-08-19
656.1300,2015-08-18
660.8700,2015-08-17
657.1200,2015-08-14
656.4500,2015-08-13
659.5600,2015-08-12
660.7800,2015-08-11
633.7300,2015-08-10
635.3000,2015-08-07
642.6800,2015-08-06
643.7800,2015-08-05
629.2500,2015-08-04
631.2100,2015-08-03
625.6100,2015-07-31
632.5900,2015-07-30
631.9300,2015-07-29
628.0000,2015-07-28
627.2600,2015-07-27
623.5600,2015-07-24
644.2800,2015-07-23
662.1000,2015-07-22
662.3000,2015-07-21
663.0200,2015-07-20
672.9300,2015-07-17
579.8500,2015-07-16
560.2200,2015-07-15
561.1000,2015-07-14
546.5500,2015-07-13
530.1300,2015-07-10
520.6800,2015-07-09
516.8300,2015-07-08
525.0200,2015-07-07
522.8600,2015-07-06
523.4000,2015-07-02
521.8400,2015-07-01
520.5100,2015-06-30
521.5200,2015-06-29
531.6900,2015-06-26
535.2300,2015-06-25
537.8400,2015-06-24
540.4800,2015-06-23
538.1900,2015-06-22
536.6900,2015-06-19
536.7300,2015-06-18
529.2600,2015-06-17
528.1500,2015-06-16
527.2000,2015-06-15
532.3300,2015-06-12
534.6100,2015-06-11
536.6900,2015-06-10
526.6900,2015-06-09
526.8300,2015-06-08
533.3300,2015-06-05
536.7000,2015-06-04
540.3100,2015-06-03
539.1800,2015-06-02
533.9900,2015-06-01
532.1100,2015-05-29
539.7800,2015-05-28
539.7900,2015-05-27
532.3200,2015-05-26
540.1100,2015-05-22
542.5100,2015-05-21
539.2700,2015-05-20
537.3600,2015-05-19
532.3000,2015-05-18
533.8500,2015-05-15
538.4000,2015-05-14
529.6200,2015-05-13
529.0400,2015-05-12
535.7000,2015-05-11
538.2200,2015-05-08
530.7000,2015-05-07
524.2200,2015-05-06
530.8000,2015-05-05
540.7800,2015-05-04
537.9000,2015-05-01
537.3400,2015-04-30
549.0800,2015-04-29
553.6800,2015-04-28
555.3700,2015-04-27
565.0600,2015-04-24
547.0000,2015-04-23
539.3650,2015-04-22
533.9700,2015-04-21
535.3800,2015-04-20
524.0500,2015-04-17
533.8000,2015-04-16
532.5300,2015-04-15
530.3900,2015-04-14
539.1700,2015-04-13
540.0100,2015-04-10
540.7800,2015-04-09
541.6100,2015-04-08
537.0200,2015-04-07
536.7650,2015-04-06
535.5300,2015-04-02
542.5600,2015-04-01
548.0000,2015-03-31
552.0300,2015-03-30
548.3400,2015-03-27
555.1700,2015-03-26
558.7850,2015-03-25
570.1900,2015-03-24
558.8100,2015-03-23
560.3600,2015-03-20
557.9900,2015-03-19
559.5000,2015-03-18
550.8400,2015-03-17
554.5100,2015-03-16
547.3200,2015-03-13
555.5100,2015-03-12
551.1800,2015-03-11
555.0100,2015-03-10
568.8500,2015-03-09
567.6850,2015-03-06
575.3300,2015-03-05
573.3700,2015-03-04
573.6400,2015-03-03
571.3400,2015-03-02
558.4000,2015-02-27
555.4800,2015-02-26
543.8700,2015-02-25
536.0900,2015-02-24
531.9100,2015-02-23
538.9500,2015-02-20
542.8700,2015-02-19
539.7000,2015-02-18
542.8400,2015-02-17
549.0100,2015-02-13
542.9300,2015-02-12
535.9700,2015-02-11
536.9400,2015-02-10
527.8300,2015-02-09
531.0000,2015-02-06
527.5800,2015-02-05
522.7600,2015-02-04
529.2400,2015-02-03
528.4800,2015-02-02
534.5200,2015-01-30
510.6600,2015-01-29
510.0000,2015-01-28
518.6300,2015-01-27
535.2100,2015-01-26
539.9500,2015-01-23
534.3900,2015-01-22
518.0400,2015-01-21
506.9000,2015-01-20
508.0800,2015-01-16
501.7900,2015-01-15
500.8700,2015-01-14
496.1800,2015-01-13
492.5500,2015-01-12
496.1700,2015-01-09
502.6800,2015-01-08
501.1000,2015-01-07
501.9600,2015-01-06
513.8700,2015-01-05
524.8100,2015-01-02
526.4000,2014-12-31
530.4200,2014-12-30
530.3300,2014-12-29
534.0300,2014-12-26
528.7700,2014-12-24
530.5900,2014-12-23
524.8700,2014-12-22
516.3500,2014-12-19
511.1000,2014-12-18
504.8900,2014-12-17
495.3900,2014-12-16
513.8000,2014-12-15
518.6600,2014-12-12
528.3400,2014-12-11
526.0600,2014-12-10
533.3700,2014-12-09
526.9800,2014-12-08
525.2600,2014-12-05
537.3100,2014-12-04
531.3200,2014-12-03
533.7500,2014-12-02
533.8000,2014-12-01
541.8300,2014-11-28
540.3700,2014-11-26
541.0800,2014-11-25
539.2700,2014-11-24
537.5000,2014-11-21
534.8300,2014-11-20
536.9900,2014-11-19
535.0300,2014-11-18
536.5100,2014-11-17
544.4000,2014-11-14
545.3800,2014-11-13
547.3100,2014-11-12
550.2900,2014-11-11
547.4900,2014-11-10
541.0100,2014-11-07
542.0400,2014-11-06
545.9200,2014-11-05
554.1100,2014-11-04
555.2200,2014-11-03
559.0800,2014-10-31
550.3100,2014-10-30
549.3300,2014-10-29
548.9000,2014-10-28
540.7700,2014-10-27
539.7800,2014-10-24
543.9800,2014-10-23
532.7100,2014-10-22
526.5400,2014-10-21
520.8400,2014-10-20
511.1700,2014-10-17
524.5100,2014-10-16
530.0300,2014-10-15
537.9400,2014-10-14
533.2100,2014-10-13
544.4900,2014-10-10
560.8800,2014-10-09
572.5000,2014-10-08
563.7400,2014-10-07
577.3500,2014-10-06
575.2800,2014-10-03
570.0800,2014-10-02
568.2700,2014-10-01
577.3600,2014-09-30
576.3600,2014-09-29
577.1000,2014-09-26
575.0600,2014-09-25
587.9900,2014-09-24
581.1300,2014-09-23
587.3700,2014-09-22
596.0800,2014-09-19
589.2700,2014-09-18
584.7700,2014-09-17
579.9500,2014-09-16
573.1000,2014-09-15
575.6200,2014-09-12
581.3500,2014-09-11
583.1000,2014-09-10
581.0100,2014-09-09
589.7200,2014-09-08
586.0800,2014-09-05
581.9800,2014-09-04
577.9400,2014-09-03
577.3300,2014-09-02
571.6000,2014-08-29
569.2000,2014-08-28
571.0000,2014-08-27
577.8600,2014-08-26
580.2000,2014-08-25
582.5600,2014-08-22
583.3700,2014-08-21
584.4900,2014-08-20
586.8600,2014-08-19
582.1600,2014-08-18
573.4800,2014-08-15
574.6500,2014-08-14
574.7800,2014-08-13
562.7300,2014-08-12
567.8800,2014-08-11
568.7700,2014-08-08
563.3600,2014-08-07
566.3740,2014-08-06
565.0700,2014-08-05
573.1500,2014-08-04
566.0700,2014-08-01
571.6000,2014-07-31
587.4200,2014-07-30
585.6100,2014-07-29
590.6000,2014-07-28
589.0200,2014-07-25
593.3500,2014-07-24
595.9800,2014-07-23
594.7400,2014-07-22
589.4700,2014-07-21
595.0800,2014-07-18
573.7299,2014-07-17
582.6600,2014-07-16
584.7800,2014-07-15
584.8700,2014-07-14
579.1800,2014-07-11
571.1000,2014-07-10
576.0800,2014-07-09
571.0900,2014-07-08
582.2500,2014-07-07
584.7300,2014-07-03
582.3350,2014-07-02
582.6700,2014-07-01
575.2800,2014-06-30
577.2400,2014-06-27
576.0000,2014-06-26
578.6500,2014-06-25
564.6200,2014-06-24
564.9500,2014-06-23
556.3600,2014-06-20
554.9000,2014-06-19
553.3700,2014-06-18
543.0100,2014-06-17
544.2800,2014-06-16
551.7600,2014-06-13
551.3500,2014-06-12
558.8400,2014-06-11
560.5500,2014-06-10
562.1200,2014-06-09
556.3300,2014-06-06
553.9000,2014-06-05
544.6600,2014-06-04
544.9400,2014-06-03
553.9300,2014-06-02
559.8900,2014-05-30
560.0800,2014-05-29
561.6800,2014-05-28
565.9500,2014-05-27
552.7000,2014-05-23
545.0600,2014-05-22
538.9400,2014-05-21
529.7700,2014-05-20
528.8600,2014-05-19
520.6300,2014-05-16
519.9800,2014-05-15
526.6500,2014-05-14
533.0900,2014-05-13
529.9200,2014-05-12
518.7300,2014-05-09
511.0000,2014-05-08
509.9600,2014-05-07
515.1400,2014-05-06
527.8100,2014-05-05
527.9300,2014-05-02
531.3500,2014-05-01
526.6600,2014-04-30
527.7000,2014-04-29
517.1500,2014-04-28
516.1800,2014-04-25
525.1600,2014-04-24
526.9400,2014-04-23
534.8100,2014-04-22
528.6200,2014-04-21
536.1000,2014-04-17
556.5400,2014-04-16
536.4400,2014-04-15
532.5200,2014-04-14
530.6000,2014-04-11
540.9500,2014-04-10
564.1400,2014-04-09
554.9000,2014-04-08
538.1500,2014-04-07
543.1400,2014-04-04
569.7400,2014-04-03
567.0000,2014-04-02
567.1600,2014-04-01
556.9700,2014-03-31
559.9900,2014-03-28
558.4600,2014-03-27
