NFLX,Date
503.2200,2020-12-11
501.0900,2020-12-10
493.6000,2020-12-09
512.6600,2020-12-08
515.7800,2020-12-07
498.3100,2020-12-04
497.5200,2020-12-03
503.3800,2020-12-02
504.5800,2020-12-01
490.7000,2020-11-30
491.3600,2020-11-27
485.0000,2020-11-25
482.8800,2020-11-24
476.6200,2020-11-23
488.2400,2020-11-20
484.6700,2020-11-19
481.7900,2020-11-18
480.6300,2020-11-17
479.1000,2020-11-16
482.8400,2020-11-13
486.7700,2020-11-12
490.7600,2020-11-11
480.2400,2020-11-10
470.5000,2020-11-09
514.7300,2020-11-06
513.7600,2020-11-05
496.9500,2020-11-04
487.2200,2020-11-03
484.1200,2020-11-02
475.7400,2020-10-30
504.2100,2020-10-29
486.2400,2020-10-28
488.9300,2020-10-27
488.2400,2020-10-26
488.2800,2020-10-23
485.2300,2020-10-22
489.0500,2020-10-21
525.4200,2020-10-20
530.7200,2020-10-19
530.7900,2020-10-16
541.9400,2020-10-15
541.4500,2020-10-14
554.0900,2020-10-13
539.8100,2020-10-12
539.4400,2020-10-09
531.7900,2020-10-08
534.6600,2020-10-07
505.8700,2020-10-06
520.6500,2020-10-05
503.0600,2020-10-02
527.5100,2020-10-01
500.0300,2020-09-30
493.4800,2020-09-29
490.6500,2020-09-28
482.8800,2020-09-25
473.0800,2020-09-24
470.6100,2020-09-23
491.1700,2020-09-22
487.3500,2020-09-21
469.9600,2020-09-18
470.2000,2020-09-17
483.8600,2020-09-16
495.9900,2020-09-15
476.2600,2020-09-14
482.0300,2020-09-11
480.6700,2020-09-10
500.1900,2020-09-09
507.0200,2020-09-08
516.0500,2020-09-04
525.7500,2020-09-03
552.8400,2020-09-02
556.5500,2020-09-01
529.5600,2020-08-31
523.8900,2020-08-28
526.2700,2020-08-27
547.5300,2020-08-26
490.5800,2020-08-25
488.8100,2020-08-24
492.3100,2020-08-21
497.9000,2020-08-20
484.5300,2020-08-19
491.8700,2020-08-18
482.3500,2020-08-17
482.6800,2020-08-14
481.3300,2020-08-13
475.4700,2020-08-12
466.9300,2020-08-11
483.3800,2020-08-10
494.7300,2020-08-07
509.0800,2020-08-06
502.1100,2020-08-05
509.6400,2020-08-04
498.6200,2020-08-03
488.8800,2020-07-31
485.8000,2020-07-30
484.4800,2020-07-29
488.5100,2020-07-28
495.6500,2020-07-27
480.4500,2020-07-24
477.5800,2020-07-23
489.8200,2020-07-22
490.1000,2020-07-21
502.4100,2020-07-20
492.9900,2020-07-17
527.3900,2020-07-16
523.2600,2020-07-15
524.8800,2020-07-14
525.5000,2020-07-13
548.7300,2020-07-10
507.7600,2020-07-09
502.7800,2020-07-08
493.1600,2020-07-07
493.8100,2020-07-06
476.8900,2020-07-02
485.6400,2020-07-01
455.0400,2020-06-30
447.2400,2020-06-29
443.4000,2020-06-26
465.9100,2020-06-25
457.8500,2020-06-24
466.2600,2020-06-23
468.0400,2020-06-22
453.7200,2020-06-19
449.8700,2020-06-18
447.7700,2020-06-17
436.1300,2020-06-16
425.5000,2020-06-15
418.0700,2020-06-12
425.5600,2020-06-11
434.4800,2020-06-10
434.0500,2020-06-09
419.4900,2020-06-08
419.6000,2020-06-05
414.3300,2020-06-04
421.9700,2020-06-03
427.3100,2020-06-02
425.9200,2020-06-01
419.7300,2020-05-29
413.4400,2020-05-28
419.8900,2020-05-27
414.7700,2020-05-26
429.3200,2020-05-22
436.2500,2020-05-21
447.6700,2020-05-20
451.0400,2020-05-19
452.5800,2020-05-18
454.1900,2020-05-15
441.9500,2020-05-14
438.2700,2020-05-13
431.8200,2020-05-12
440.5200,2020-05-11
435.5500,2020-05-08
436.5300,2020-05-07
434.2600,2020-05-06
424.6800,2020-05-05
428.1500,2020-05-04
415.2700,2020-05-01
419.8500,2020-04-30
411.8900,2020-04-29
403.8300,2020-04-28
421.3800,2020-04-27
424.9900,2020-04-24
426.7000,2020-04-23
421.4200,2020-04-22
433.8300,2020-04-21
437.4900,2020-04-20
422.9600,2020-04-17
439.1700,2020-04-16
426.7500,2020-04-15
413.5500,2020-04-14
396.7200,2020-04-13
370.7200,2020-04-09
371.1200,2020-04-08
372.2800,2020-04-07
379.9600,2020-04-06
361.7600,2020-04-03
370.0800,2020-04-02
364.0800,2020-04-01
375.5000,2020-03-31
370.9600,2020-03-30
357.1200,2020-03-27
362.9900,2020-03-26
342.3900,2020-03-25
357.3200,2020-03-24
360.2700,2020-03-23
332.8300,2020-03-20
332.0300,2020-03-19
315.4700,2020-03-18
319.7500,2020-03-17
298.8400,2020-03-16
336.2950,2020-03-13
315.2500,2020-03-12
349.9200,2020-03-11
364.1300,2020-03-10
346.4900,2020-03-09
368.9700,2020-03-06
372.7800,2020-03-05
383.7900,2020-03-04
368.7700,2020-03-03
381.0500,2020-03-02
369.0300,2020-02-28
371.7100,2020-02-27
379.2400,2020-02-26
360.0900,2020-02-25
368.7000,2020-02-24
380.0700,2020-02-21
386.0000,2020-02-20
386.1900,2020-02-19
387.7800,2020-02-18
380.4000,2020-02-14
381.4000,2020-02-13
380.0100,2020-02-12
373.6900,2020-02-11
371.0700,2020-02-10
366.7700,2020-02-07
366.9500,2020-02-06
369.6700,2020-02-05
369.0100,2020-02-04
358.0000,2020-02-03
345.0900,2020-01-31
347.7400,2020-01-30
343.1600,2020-01-29
348.5200,2020-01-28
342.8800,2020-01-27
353.1600,2020-01-24
349.6000,2020-01-23
326.0000,2020-01-22
338.1100,2020-01-21
339.6700,2020-01-17
338.6200,2020-01-16
339.0700,2020-01-15
338.6900,2020-01-14
338.9200,2020-01-13
329.0500,2020-01-10
335.6600,2020-01-09
339.2600,2020-01-08
330.7500,2020-01-07
335.8300,2020-01-06
325.9000,2020-01-03
329.8100,2020-01-02
323.5700,2019-12-31
323.3100,2019-12-30
329.0900,2019-12-27
332.6300,2019-12-26
333.2000,2019-12-24
333.1000,2019-12-23
336.9000,2019-12-20
332.2200,2019-12-19
320.8000,2019-12-18
315.4800,2019-12-17
304.2100,2019-12-16
298.5000,2019-12-13
298.4400,2019-12-12
298.9300,2019-12-11
293.1200,2019-12-10
302.5000,2019-12-09
307.3500,2019-12-06
302.8600,2019-12-05
304.3200,2019-12-04
306.1600,2019-12-03
309.9900,2019-12-02
314.6600,2019-11-29
315.9300,2019-11-27
312.4900,2019-11-26
315.5500,2019-11-25
310.4800,2019-11-22
311.6900,2019-11-21
305.1600,2019-11-20
302.6000,2019-11-19
302.5700,2019-11-18
295.0300,2019-11-15
289.6200,2019-11-14
283.1100,2019-11-13
292.0100,2019-11-12
294.1800,2019-11-11
291.5700,2019-11-08
289.5700,2019-11-07
288.5900,2019-11-06
288.0300,2019-11-05
292.8600,2019-11-04
286.8100,2019-11-01
287.4100,2019-10-31
291.4500,2019-10-30
281.2100,2019-10-29
281.8600,2019-10-28
276.8200,2019-10-25
271.5000,2019-10-24
271.2700,2019-10-23
266.6900,2019-10-22
278.0500,2019-10-21
275.3000,2019-10-18
293.3500,2019-10-17
286.2800,2019-10-16
284.2500,2019-10-15
285.5300,2019-10-14
282.9300,2019-10-11
280.4800,2019-10-10
267.5300,2019-10-09
270.7200,2019-10-08
274.4600,2019-10-07
272.7900,2019-10-04
268.1500,2019-10-03
268.0300,2019-10-02
269.5800,2019-10-01
267.6200,2019-09-30
263.0800,2019-09-27
263.3100,2019-09-26
264.7500,2019-09-25
254.5900,2019-09-24
265.9200,2019-09-23
270.7500,2019-09-20
286.6000,2019-09-19
291.5600,2019-09-18
298.6000,2019-09-17
294.2900,2019-09-16
294.1500,2019-09-13
288.8600,2019-09-12
288.2700,2019-09-11
287.9900,2019-09-10
294.3400,2019-09-09
290.1700,2019-09-06
293.2500,2019-09-05
291.5200,2019-09-04
289.2900,2019-09-03
293.7500,2019-08-30
296.7800,2019-08-29
291.7700,2019-08-28
291.0300,2019-08-27
294.9800,2019-08-26
291.4400,2019-08-23
296.9300,2019-08-22
297.8100,2019-08-21
298.9900,2019-08-20
309.3800,2019-08-19
302.8000,2019-08-16
295.7600,2019-08-15
299.1100,2019-08-14
312.2800,2019-08-13
310.8300,2019-08-12
308.9300,2019-08-09
315.9000,2019-08-08
304.2900,2019-08-07
310.1000,2019-08-06
307.6300,2019-08-05
318.8300,2019-08-02
319.5000,2019-08-01
322.9900,2019-07-31
325.9300,2019-07-30
332.7000,2019-07-29
335.7800,2019-07-26
326.4600,2019-07-25
317.9400,2019-07-24
307.3000,2019-07-23
310.6200,2019-07-22
315.1000,2019-07-19
325.2100,2019-07-18
362.4400,2019-07-17
365.9900,2019-07-16
366.6000,2019-07-15
373.2500,2019-07-12
379.5000,2019-07-11
381.0000,2019-07-10
379.9300,2019-07-09
376.1600,2019-07-08
380.5500,2019-07-05
381.7200,2019-07-03
375.4300,2019-07-02
374.6000,2019-07-01
367.3200,2019-06-28
370.0200,2019-06-27
362.2000,2019-06-26
360.3000,2019-06-25
371.0400,2019-06-24
369.2100,2019-06-21
365.2100,2019-06-20
363.5200,2019-06-19
357.1200,2019-06-18
350.6200,2019-06-17
339.7300,2019-06-14
343.4300,2019-06-13
345.5600,2019-06-12
351.2700,2019-06-11
352.0100,2019-06-10
360.8700,2019-06-07
357.1300,2019-06-06
355.7300,2019-06-05
353.4000,2019-06-04
336.6300,2019-06-03
343.2800,2019-05-31
351.8500,2019-05-30
349.1900,2019-05-29
354.7800,2019-05-28
354.3900,2019-05-24
352.2100,2019-05-23
359.7300,2019-05-22
354.2700,2019-05-21
348.1100,2019-05-20
354.4500,2019-05-17
359.3100,2019-05-16
354.9900,2019-05-15
345.6100,2019-05-14
345.2600,2019-05-13
361.0400,2019-05-10
362.7500,2019-05-09
364.3700,2019-05-08
370.4600,2019-05-07
378.6700,2019-05-06
385.0300,2019-05-03
379.0600,2019-05-02
378.8100,2019-05-01
370.5400,2019-04-30
371.8300,2019-04-29
374.8500,2019-04-26
368.3300,2019-04-25
374.2300,2019-04-24
381.8900,2019-04-23
377.3400,2019-04-22
360.3500,2019-04-18
354.7400,2019-04-17
359.4600,2019-04-16
348.8700,2019-04-15
351.1400,2019-04-12
367.6500,2019-04-11
363.9200,2019-04-10
364.7100,2019-04-09
361.4100,2019-04-08
365.4900,2019-04-05
367.8800,2019-04-04
369.7500,2019-04-03
367.7200,2019-04-02
366.9600,2019-04-01
356.5600,2019-03-29
354.6100,2019-03-28
353.3700,2019-03-27
359.9700,2019-03-26
366.2300,2019-03-25
361.0100,2019-03-22
377.8700,2019-03-21
375.2200,2019-03-20
358.7800,2019-03-19
363.4400,2019-03-18
361.4600,2019-03-15
358.8200,2019-03-14
361.2100,2019-03-13
356.2700,2019-03-12
358.8600,2019-03-11
349.6000,2019-03-08
352.6000,2019-03-07
359.6100,2019-03-06
354.3000,2019-03-05
351.0400,2019-03-04
357.3200,2019-03-01
358.1000,2019-02-28
362.8700,2019-02-27
364.9700,2019-02-26
363.9100,2019-02-25
363.0200,2019-02-22
356.9700,2019-02-21
359.9100,2019-02-20
361.9200,2019-02-19
356.8700,2019-02-15
359.0700,2019-02-14
351.7700,2019-02-13
359.9700,2019-02-12
345.7300,2019-02-11
347.5700,2019-02-08
344.7100,2019-02-07
352.1900,2019-02-06
355.8100,2019-02-05
351.3400,2019-02-04
339.8500,2019-02-01
339.5000,2019-01-31
340.6600,2019-01-30
328.9000,2019-01-29
335.6600,2019-01-28
338.0500,2019-01-25
326.6700,2019-01-24
321.9900,2019-01-23
325.1600,2019-01-22
339.1000,2019-01-18
353.1900,2019-01-17
351.3900,2019-01-16
354.6400,2019-01-15
332.9400,2019-01-14
337.5900,2019-01-11
324.6600,2019-01-10
319.9600,2019-01-09
320.2700,2019-01-08
315.3400,2019-01-07
297.5700,2019-01-04
271.2000,2019-01-03
267.6600,2019-01-02
267.6600,2018-12-31
256.0800,2018-12-28
255.5650,2018-12-27
253.6700,2018-12-26
233.8800,2018-12-24
246.3900,2018-12-21
260.5800,2018-12-20
266.7700,2018-12-19
270.9400,2018-12-18
262.8000,2018-12-17
266.8400,2018-12-14
276.0200,2018-12-13
274.8800,2018-12-12
265.3200,2018-12-11
269.7000,2018-12-10
265.1400,2018-12-07
282.8800,2018-12-06
275.3300,2018-12-04
290.3000,2018-12-03
286.1300,2018-11-30
288.7500,2018-11-29
282.6500,2018-11-28
266.6300,2018-11-27
261.4300,2018-11-26
258.8200,2018-11-23
262.1300,2018-11-21
266.9800,2018-11-20
270.6000,2018-11-19
286.2100,2018-11-16
290.0600,2018-11-15
286.7300,2018-11-14
294.4000,2018-11-13
294.0700,2018-11-12
303.4700,2018-11-09
317.9200,2018-11-08
327.5000,2018-11-07
310.8400,2018-11-06
315.4400,2018-11-05
309.1000,2018-11-02
317.3800,2018-11-01
301.7800,2018-10-31
285.8100,2018-10-30
284.8400,2018-10-29
299.8300,2018-10-26
312.8700,2018-10-25
301.8300,2018-10-24
333.1600,2018-10-23
329.5400,2018-10-22
332.6700,2018-10-19
346.7100,2018-10-18
364.7000,2018-10-17
346.4000,2018-10-16
333.1300,2018-10-15
339.5600,2018-10-12
321.1000,2018-10-11
325.8900,2018-10-10
355.7100,2018-10-09
349.1000,2018-10-08
351.3500,2018-10-05
363.6500,2018-10-04
377.0500,2018-10-03
377.1400,2018-10-02
381.4300,2018-10-01
374.1300,2018-09-28
380.7100,2018-09-27
377.8800,2018-09-26
369.4300,2018-09-25
369.6100,2018-09-24
361.1900,2018-09-21
365.3600,2018-09-20
366.9600,2018-09-19
367.6500,2018-09-18
350.3500,2018-09-17
364.5600,2018-09-14
368.1500,2018-09-13
369.9500,2018-09-12
355.9300,2018-09-11
348.4100,2018-09-10
348.6800,2018-09-07
346.4600,2018-09-06
341.1800,2018-09-05
363.6000,2018-09-04
367.6800,2018-08-31
370.9800,2018-08-30
368.0400,2018-08-29
368.4900,2018-08-28
364.5800,2018-08-27
358.8200,2018-08-24
339.1700,2018-08-23
344.4400,2018-08-22
338.0200,2018-08-21
327.7300,2018-08-20
316.7800,2018-08-17
322.4400,2018-08-16
326.4000,2018-08-15
337.4900,2018-08-14
341.3100,2018-08-13
345.8700,2018-08-10
349.3600,2018-08-09
347.6100,2018-08-08
351.8300,2018-08-07
350.9200,2018-08-06
343.0900,2018-08-03
344.5000,2018-08-02
338.3800,2018-08-01
337.4500,2018-07-31
334.9600,2018-07-30
355.2100,2018-07-27
363.0900,2018-07-26
362.8700,2018-07-25
357.3200,2018-07-24
362.6600,2018-07-23
361.0500,2018-07-20
364.2300,2018-07-19
375.1300,2018-07-18
379.4800,2018-07-17
400.4800,2018-07-16
395.8000,2018-07-13
413.5000,2018-07-12
418.6500,2018-07-11
415.6300,2018-07-10
418.9700,2018-07-09
408.2500,2018-07-06
398.3900,2018-07-05
390.5200,2018-07-03
398.1800,2018-07-02
391.4300,2018-06-29
395.4200,2018-06-28
390.3900,2018-06-27
399.3900,2018-06-26
384.4800,2018-06-25
411.0900,2018-06-22
415.4400,2018-06-21
416.7600,2018-06-20
404.9800,2018-06-19
390.4000,2018-06-18
391.9800,2018-06-15
392.8700,2018-06-14
379.9300,2018-06-13
363.8300,2018-06-12
361.4500,2018-06-11
360.5700,2018-06-08
361.4000,2018-06-07
367.4500,2018-06-06
365.8000,2018-06-05
361.8100,2018-06-04
359.9300,2018-06-01
351.6000,2018-05-31
353.5400,2018-05-30
349.7300,2018-05-29
351.2900,2018-05-25
349.2900,2018-05-24
344.7200,2018-05-23
331.6200,2018-05-22
331.8200,2018-05-21
324.1800,2018-05-18
325.2200,2018-05-17
328.1900,2018-05-16
326.1300,2018-05-15
328.5300,2018-05-14
326.4600,2018-05-11
329.6000,2018-05-10
330.3000,2018-05-09
326.8900,2018-05-08
326.2600,2018-05-07
320.0900,2018-05-04
311.6900,2018-05-03
313.3600,2018-05-02
313.3000,2018-05-01
312.4600,2018-04-30
311.7600,2018-04-27
313.9800,2018-04-26
305.7600,2018-04-25
307.0200,2018-04-24
318.6900,2018-04-23
327.7700,2018-04-20
332.7000,2018-04-19
334.5200,2018-04-18
336.0600,2018-04-17
307.7800,2018-04-16
311.6500,2018-04-13
309.2500,2018-04-12
303.6700,2018-04-11
298.0700,2018-04-10
289.9300,2018-04-09
288.8500,2018-04-06
293.9700,2018-04-05
288.9400,2018-04-04
283.6700,2018-04-03
280.2900,2018-04-02
295.3500,2018-03-29
285.7700,2018-03-28
300.6900,2018-03-27
320.3500,2018-03-26
300.9400,2018-03-23
306.7000,2018-03-22
316.4800,2018-03-21
317.5000,2018-03-20
313.4800,2018-03-19
318.4500,2018-03-16
321.0900,2018-03-15
321.5500,2018-03-14
315.8800,2018-03-13
321.3000,2018-03-12
331.4400,2018-03-09
317.0000,2018-03-08
321.1600,2018-03-07
325.2200,2018-03-06
315.0000,2018-03-05
301.0500,2018-03-02
290.3900,2018-03-01
291.3800,2018-02-28
290.6100,2018-02-27
294.1600,2018-02-26
285.9300,2018-02-23
278.1400,2018-02-22
281.0400,2018-02-21
278.5500,2018-02-20
278.5200,2018-02-16
280.2700,2018-02-15
266.0000,2018-02-14
258.2700,2018-02-13
257.9500,2018-02-12
249.4700,2018-02-09
250.1000,2018-02-08
264.5600,2018-02-07
265.7200,2018-02-06
254.2600,2018-02-05
267.4300,2018-02-02
265.0700,2018-02-01
270.3000,2018-01-31
278.8000,2018-01-30
284.5900,2018-01-29
274.6000,2018-01-26
269.7000,2018-01-25
261.3000,2018-01-24
250.2900,2018-01-23
227.5800,2018-01-22
220.4600,2018-01-19
220.3300,2018-01-18
217.5000,2018-01-17
221.5300,2018-01-16
221.2300,2018-01-12
217.2400,2018-01-11
212.5200,2018-01-10
209.3100,2018-01-09
212.0500,2018-01-08
209.9900,2018-01-05
205.6300,2018-01-04
205.0500,2018-01-03
201.0700,2018-01-02
191.9600,2017-12-29
192.7100,2017-12-28
186.2400,2017-12-27
187.7600,2017-12-26
189.9400,2017-12-22
188.6200,2017-12-21
188.8200,2017-12-20
187.0200,2017-12-19
190.4200,2017-12-18
190.1200,2017-12-15
189.5600,2017-12-14
187.8600,2017-12-13
185.7300,2017-12-12
186.2200,2017-12-11
188.5400,2017-12-08
185.2000,2017-12-07
185.3000,2017-12-06
184.2100,2017-12-05
184.0400,2017-12-04
186.8200,2017-12-01
187.5800,2017-11-30
188.1500,2017-11-29
199.1800,2017-11-28
195.0500,2017-11-27
195.7500,2017-11-24
196.3200,2017-11-22
196.2300,2017-11-21
194.1000,2017-11-20
193.2000,2017-11-17
195.5100,2017-11-16
192.1200,2017-11-15
195.7100,2017-11-14
195.0800,2017-11-13
192.0200,2017-11-10
193.9000,2017-11-09
196.4400,2017-11-08
195.8900,2017-11-07
200.1300,2017-11-06
200.0100,2017-11-03
199.3200,2017-11-02
198.0000,2017-11-01
196.4300,2017-10-31
198.3700,2017-10-30
199.5400,2017-10-27
195.2100,2017-10-26
193.7700,2017-10-25
196.0200,2017-10-24
192.4700,2017-10-23
194.1600,2017-10-20
195.1300,2017-10-19
195.5400,2017-10-18
199.4800,2017-10-17
202.6800,2017-10-16
199.4900,2017-10-13
195.8600,2017-10-12
194.9500,2017-10-11
195.0800,2017-10-10
196.8700,2017-10-09
198.0200,2017-10-06
194.3900,2017-10-05
184.4500,2017-10-04
179.1900,2017-10-03
177.0100,2017-10-02
181.3500,2017-09-29
180.7000,2017-09-28
181.9700,2017-09-27
179.3800,2017-09-26
178.5500,2017-09-25
187.3500,2017-09-22
188.7800,2017-09-21
185.5100,2017-09-20
185.6800,2017-09-19
184.6200,2017-09-18
182.3500,2017-09-15
182.6300,2017-09-14
183.6400,2017-09-13
185.1500,2017-09-12
181.7400,2017-09-11
176.4200,2017-09-08
179.0000,2017-09-07
179.2500,2017-09-06
174.5200,2017-09-05
174.7400,2017-09-01
174.7100,2017-08-31
174.6900,2017-08-30
168.8100,2017-08-29
167.1200,2017-08-28
165.9500,2017-08-25
168.1300,2017-08-24
169.0600,2017-08-23
169.3400,2017-08-22
166.7600,2017-08-21
166.5400,2017-08-18
166.0900,2017-08-17
169.9800,2017-08-16
168.5000,2017-08-15
171.0000,2017-08-14
171.4000,2017-08-11
169.1400,2017-08-10
175.7800,2017-08-09
178.3600,2017-08-08
181.3300,2017-08-07
180.2700,2017-08-04
179.2300,2017-08-03
180.7400,2017-08-02
182.0300,2017-08-01
181.6600,2017-07-31
184.0400,2017-07-28
182.6800,2017-07-27
189.0800,2017-07-26
186.9700,2017-07-25
187.9100,2017-07-24
188.5400,2017-07-21
183.6000,2017-07-20
183.8600,2017-07-19
183.6000,2017-07-18
161.7000,2017-07-17
161.1200,2017-07-14
158.2100,2017-07-13
158.7500,2017-07-12
154.3300,2017-07-11
152.6700,2017-07-10
150.1800,2017-07-07
146.2500,2017-07-06
147.6100,2017-07-05
146.1700,2017-07-03
149.4100,2017-06-30
150.0900,2017-06-29
153.4100,2017-06-28
151.0300,2017-06-27
157.5000,2017-06-26
158.0200,2017-06-23
154.8900,2017-06-22
155.0300,2017-06-21
152.0500,2017-06-20
153.4000,2017-06-19
152.3800,2017-06-16
151.7600,2017-06-15
152.2000,2017-06-14
152.7200,2017-06-13
151.4400,2017-06-12
158.0300,2017-06-09
165.8800,2017-06-08
165.6100,2017-06-07
165.1700,2017-06-06
165.0600,2017-06-05
165.1800,2017-06-02
162.9900,2017-06-01
163.0700,2017-05-31
163.2200,2017-05-30
162.4300,2017-05-26
163.0500,2017-05-25
157.7500,2017-05-24
157.9500,2017-05-23
157.1600,2017-05-22
157.0200,2017-05-19
155.7000,2017-05-18
153.2000,2017-05-17
159.4100,2017-05-16
160.0200,2017-05-15
160.8100,2017-05-12
158.5400,2017-05-11
160.2800,2017-05-10
157.4600,2017-05-09
156.3800,2017-05-08
156.6000,2017-05-05
157.2500,2017-05-04
155.5900,2017-05-03
156.4500,2017-05-02
155.3500,2017-05-01
152.2000,2017-04-28
153.0800,2017-04-27
150.1700,2017-04-26
152.1600,2017-04-25
143.8300,2017-04-24
142.8700,2017-04-21
141.1800,2017-04-20
139.7600,2017-04-19
143.3600,2017-04-18
147.2500,2017-04-17
142.9200,2017-04-13
143.8300,2017-04-12
144.3500,2017-04-11
143.8500,2017-04-10
143.1100,2017-04-07
143.7400,2017-04-06
143.6200,2017-04-05
145.5000,2017-04-04
146.9200,2017-04-03
147.8100,2017-03-31
148.0600,2017-03-30
146.4700,2017-03-29
145.1700,2017-03-28
144.0600,2017-03-27
142.0200,2017-03-24
141.8400,2017-03-23
142.6500,2017-03-22
142.4200,2017-03-21
145.8300,2017-03-20
145.1100,2017-03-17
144.3900,2017-03-16
145.2500,2017-03-15
143.1900,2017-03-14
143.5200,2017-03-13
140.8900,2017-03-10
140.5300,2017-03-09
140.3200,2017-03-08
141.4300,2017-03-07
141.9400,2017-03-06
139.1400,2017-03-03
139.5300,2017-03-02
142.6500,2017-03-01
142.1300,2017-02-28
143.4100,2017-02-27
143.2500,2017-02-24
142.7800,2017-02-23
143.8600,2017-02-22
142.6000,2017-02-21
142.2200,2017-02-17
142.0100,2017-02-16
142.2700,2017-02-15
140.8200,2017-02-14
143.2000,2017-02-13
144.8200,2017-02-10
144.1400,2017-02-09
144.7400,2017-02-08
144.0000,2017-02-07
140.9700,2017-02-06
140.2500,2017-02-03
139.2000,2017-02-02
140.7800,2017-02-01
140.7100,2017-01-31
141.2200,2017-01-30
142.4500,2017-01-27
138.9600,2017-01-26
139.5200,2017-01-25
140.1100,2017-01-24
137.3900,2017-01-23
138.6000,2017-01-20
138.4100,2017-01-19
133.2600,2017-01-18
132.8900,2017-01-17
133.7000,2017-01-13
129.1800,2017-01-12
130.5000,2017-01-11
129.8900,2017-01-10
130.9500,2017-01-09
131.0700,2017-01-06
131.8100,2017-01-05
129.4100,2017-01-04
127.4900,2017-01-03
123.8000,2016-12-30
125.3300,2016-12-29
125.8900,2016-12-28
128.3500,2016-12-27
125.5900,2016-12-23
125.5800,2016-12-22
126.5000,2016-12-21
125.1200,2016-12-20
125.4500,2016-12-19
124.2200,2016-12-16
125.0000,2016-12-15
123.4400,2016-12-14
123.7800,2016-12-13
122.8300,2016-12-12
122.8800,2016-12-09
123.2400,2016-12-08
125.3900,2016-12-07
124.5700,2016-12-06
119.1600,2016-12-05
120.8100,2016-12-02
117.2200,2016-12-01
117.0000,2016-11-30
117.5100,2016-11-29
116.9300,2016-11-28
117.4100,2016-11-25
117.6900,2016-11-23
118.0400,2016-11-22
117.9600,2016-11-21
115.2100,2016-11-18
115.0300,2016-11-17
115.1900,2016-11-16
113.5900,2016-11-15
113.3800,2016-11-14
114.7800,2016-11-11
115.4200,2016-11-10
122.1900,2016-11-09
124.3400,2016-11-08
124.5800,2016-11-07
122.0300,2016-11-04
122.1400,2016-11-03
122.3400,2016-11-02
123.3000,2016-11-01
124.8700,2016-10-31
126.5700,2016-10-28
126.4700,2016-10-27
126.9700,2016-10-26
126.5100,2016-10-25
127.3300,2016-10-24
127.5000,2016-10-21
123.3500,2016-10-20
121.8700,2016-10-19
118.7900,2016-10-18
99.8000,2016-10-17
101.4700,2016-10-14
100.2300,2016-10-13
99.5000,2016-10-12
100.5900,2016-10-11
103.3300,2016-10-10
104.8200,2016-10-07
105.0700,2016-10-06
106.2800,2016-10-05
102.3400,2016-10-04
102.6300,2016-10-03
98.5500,2016-09-30
96.6700,2016-09-29
97.4800,2016-09-28
97.0700,2016-09-27
94.5600,2016-09-26
95.9400,2016-09-23
95.8300,2016-09-22
94.8800,2016-09-21
98.2500,2016-09-20
98.0600,2016-09-19
99.4800,2016-09-16
97.3400,2016-09-15
97.0100,2016-09-14
96.0900,2016-09-13
99.0500,2016-09-12
96.5000,2016-09-09
99.6600,2016-09-08
99.1500,2016-09-07
100.0900,2016-09-06
97.3800,2016-09-02
97.3800,2016-09-01
97.4500,2016-08-31
97.4500,2016-08-30
97.3000,2016-08-29
97.5800,2016-08-26
97.3200,2016-08-25
95.1800,2016-08-24
95.9400,2016-08-23
95.2600,2016-08-22
95.8700,2016-08-19
96.1600,2016-08-18
96.3700,2016-08-17
95.1200,2016-08-16
95.3100,2016-08-15
96.5900,2016-08-12
95.8900,2016-08-11
93.9300,2016-08-10
93.9900,2016-08-09
95.1100,2016-08-08
97.0300,2016-08-05
93.4400,2016-08-04
93.1000,2016-08-03
93.5600,2016-08-02
94.3700,2016-08-01
91.2500,2016-07-29
91.6500,2016-07-28
92.0400,2016-07-27
91.4100,2016-07-26
87.6600,2016-07-25
85.8900,2016-07-22
85.9900,2016-07-21
87.9100,2016-07-20
85.8400,2016-07-19
98.8100,2016-07-18
98.3900,2016-07-15
98.0200,2016-07-14
96.4300,2016-07-13
95.9700,2016-07-12
94.6700,2016-07-11
97.0600,2016-07-08
95.1000,2016-07-07
94.6000,2016-07-06
97.9100,2016-07-05
96.6700,2016-07-01
91.4800,2016-06-30
91.0600,2016-06-29
87.9700,2016-06-28
85.3300,2016-06-27
88.4400,2016-06-24
91.6600,2016-06-23
90.0100,2016-06-22
90.9900,2016-06-21
93.8000,2016-06-20
94.4500,2016-06-17
95.4400,2016-06-16
94.2900,2016-06-15
94.1200,2016-06-14
93.8500,2016-06-13
93.7500,2016-06-10
97.0900,2016-06-09
97.8600,2016-06-08
99.8900,2016-06-07
100.7400,2016-06-06
99.5900,2016-06-03
101.2500,2016-06-02
101.5100,2016-06-01
102.5700,2016-05-31
103.3000,2016-05-27
102.8100,2016-05-26
100.2000,2016-05-25
97.8900,2016-05-24
94.8900,2016-05-23
92.4900,2016-05-20
89.5500,2016-05-19
90.5000,2016-05-18
88.6300,2016-05-17
89.1200,2016-05-16
87.8800,2016-05-13
87.7400,2016-05-12
90.0200,2016-05-11
92.8900,2016-05-10
90.5400,2016-05-09
90.8400,2016-05-06
89.3700,2016-05-05
90.7900,2016-05-04
91.5400,2016-05-03
93.1100,2016-05-02
90.0300,2016-04-29
90.2800,2016-04-28
91.0400,2016-04-27
92.4300,2016-04-26
93.5600,2016-04-25
95.9000,2016-04-22
94.9800,2016-04-21
96.7700,2016-04-20
94.3400,2016-04-19
108.4000,2016-04-18
111.5100,2016-04-15
110.4200,2016-04-14
109.6500,2016-04-13
106.9800,2016-04-12
102.6800,2016-04-11
103.8100,2016-04-08
104.4500,2016-04-07
104.8300,2016-04-06
104.9400,2016-04-05
104.3500,2016-04-04
105.7000,2016-04-01
102.2300,2016-03-31
102.1900,2016-03-30
104.1300,2016-03-29
101.2100,2016-03-28
98.3600,2016-03-24
99.5900,2016-03-23
99.8400,2016-03-22
101.0600,2016-03-21
101.1200,2016-03-18
99.7200,2016-03-17
99.3500,2016-03-16
97.8600,2016-03-15
98.1300,2016-03-14
97.6600,2016-03-11
97.3600,2016-03-10
98.0000,2016-03-09
96.2300,2016-03-08
95.4900,2016-03-07
101.5800,2016-03-04
97.9300,2016-03-03
97.6100,2016-03-02
98.3000,2016-03-01
93.4100,2016-02-29
94.7900,2016-02-26
94.5300,2016-02-25
91.6100,2016-02-24
89.1200,2016-02-23
91.9300,2016-02-22
89.2300,2016-02-19
90.4900,2016-02-18
94.7600,2016-02-17
89.0500,2016-02-16
87.4000,2016-02-12
86.3500,2016-02-11
88.4500,2016-02-10
86.1300,2016-02-09
83.3200,2016-02-08
82.7900,2016-02-05
89.7100,2016-02-04
90.7400,2016-02-03
91.4900,2016-02-02
94.0900,2016-02-01
91.8400,2016-01-29
94.4100,2016-01-28
91.1500,2016-01-27
97.8300,2016-01-26
99.1200,2016-01-25
100.7200,2016-01-22
102.3500,2016-01-21
107.7400,2016-01-20
107.8900,2016-01-19
104.0400,2016-01-15
107.0600,2016-01-14
106.5600,2016-01-13
116.5800,2016-01-12
114.9700,2016-01-11
111.3900,2016-01-08
114.5600,2016-01-07
117.6800,2016-01-06
107.6600,2016-01-05
109.9600,2016-01-04
114.3800,2015-12-31
116.7100,2015-12-30
119.1200,2015-12-29
117.1100,2015-12-28
117.3300,2015-12-24
118.1600,2015-12-23
116.2400,2015-12-22
116.6300,2015-12-21
118.0200,2015-12-18
122.5100,2015-12-17
122.6400,2015-12-16
118.6000,2015-12-15
120.6700,2015-12-14
118.9100,2015-12-11
122.9100,2015-12-10
124.2000,2015-12-09
126.9800,2015-12-08
125.3600,2015-12-07
130.9300,2015-12-04
126.8100,2015-12-03
128.9300,2015-12-02
125.3700,2015-12-01
123.3300,2015-11-30
125.4400,2015-11-27
124.1600,2015-11-25
123.3100,2015-11-24
125.0300,2015-11-23
123.8400,2015-11-20
120.2200,2015-11-19
120.6300,2015-11-18
117.1000,2015-11-17
111.3500,2015-11-16
103.6500,2015-11-13
108.9200,2015-11-12
112.8600,2015-11-11
112.7000,2015-11-10
109.8600,2015-11-09
114.0600,2015-11-06
113.5000,2015-11-05
114.0500,2015-11-04
109.7400,2015-11-03
107.6400,2015-11-02
108.3800,2015-10-30
105.1200,2015-10-29
105.8000,2015-10-28
103.0700,2015-10-27
103.0400,2015-10-26
100.0400,2015-10-23
97.3200,2015-10-22
97.9600,2015-10-21
98.9900,2015-10-20
101.6900,2015-10-19
98.9900,2015-10-16
101.0900,2015-10-15
110.2300,2015-10-14
109.7300,2015-10-13
113.4500,2015-10-12
113.3300,2015-10-09
114.9300,2015-10-08
108.1000,2015-10-07
108.3300,2015-10-06
111.2500,2015-10-05
106.1100,2015-10-02
105.9800,2015-10-01
103.2600,2015-09-30
98.3500,2015-09-29
99.4700,2015-09-28
102.2400,2015-09-25
103.7600,2015-09-24
98.0700,2015-09-23
98.4700,2015-09-22
100.3000,2015-09-21
102.6200,2015-09-18
104.2100,2015-09-17
104.0800,2015-09-16
99.1600,2015-09-15
95.6900,2015-09-14
97.5100,2015-09-11
99.4800,2015-09-10
99.1800,2015-09-09
94.9500,2015-09-08
98.7900,2015-09-04
101.0600,2015-09-03
105.4400,2015-09-02
105.7900,2015-09-01
115.0300,2015-08-31
117.6300,2015-08-28
117.6600,2015-08-27
110.1300,2015-08-26
101.5200,2015-08-25
96.8800,2015-08-24
103.9600,2015-08-21
112.4900,2015-08-20
122.0600,2015-08-19
124.0500,2015-08-18
125.3600,2015-08-17
123.3900,2015-08-14
123.7300,2015-08-13
120.5100,2015-08-12
122.7400,2015-08-11
123.0300,2015-08-10
123.5200,2015-08-07
126.4500,2015-08-06
123.7100,2015-08-05
121.1500,2015-08-04
112.5600,2015-08-03
114.3100,2015-07-31
111.5600,2015-07-30
107.0800,2015-07-29
106.9000,2015-07-28
106.4300,2015-07-27
109.3400,2015-07-24
110.1000,2015-07-23
111.5000,2015-07-22
112.5100,2015-07-21
110.5500,2015-07-20
114.7700,2015-07-17
115.8100,2015-07-16
98.1300,2015-07-15
702.6000,2015-07-14
707.6100,2015-07-13
680.6000,2015-07-10
670.0900,2015-07-09
654.5500,2015-07-08
658.6400,2015-07-07
662.0000,2015-07-06
658.3100,2015-07-02
655.4500,2015-07-01
656.9400,2015-06-30
645.6200,2015-06-29
651.6200,2015-06-26
664.2400,2015-06-25
678.6100,2015-06-24
681.1900,2015-06-23
674.9000,2015-06-22
657.1000,2015-06-19
663.2000,2015-06-18
659.9000,2015-06-17
666.9100,2015-06-16
654.0200,2015-06-15
660.9300,2015-06-12
665.6600,2015-06-11
671.1000,2015-06-10
647.1500,2015-06-09
627.2300,2015-06-08
633.2200,2015-06-05
625.4400,2015-06-04
621.6600,2015-06-03
623.9100,2015-06-02
623.0200,2015-06-01
624.0600,2015-05-29
626.5500,2015-05-28
629.0000,2015-05-27
615.9500,2015-05-26
621.8700,2015-05-22
623.0200,2015-05-21
621.5300,2015-05-20
616.4800,2015-05-19
617.8700,2015-05-18
613.2500,2015-05-15
586.8500,2015-05-14
580.1100,2015-05-13
583.6400,2015-05-12
589.9450,2015-05-11
574.6000,2015-05-08
565.2400,2015-05-07
560.5400,2015-05-06
565.5500,2015-05-05
554.9000,2015-05-04
557.0300,2015-05-01
556.5000,2015-04-30
562.8500,2015-04-29
563.0600,2015-04-28
566.0800,2015-04-27
558.3950,2015-04-24
559.0600,2015-04-23
557.6800,2015-04-22
560.4400,2015-04-21
567.3900,2015-04-20
571.5500,2015-04-17
562.0500,2015-04-16
475.4600,2015-04-15
478.7100,2015-04-14
474.6800,2015-04-13
454.5700,2015-04-10
439.5000,2015-04-09
441.3500,2015-04-08
423.4600,2015-04-07
422.3100,2015-04-06
414.0800,2015-04-02
413.1200,2015-04-01
416.6900,2015-03-31
422.5700,2015-03-30
414.7700,2015-03-27
418.2600,2015-03-26
421.7500,2015-03-25
438.2800,2015-03-24
425.0000,2015-03-23
428.2950,2015-03-20
425.2100,2015-03-19
423.1200,2015-03-18
418.5200,2015-03-17
421.9700,2015-03-16
438.4000,2015-03-13
448.3200,2015-03-12
440.1900,2015-03-11
435.0600,2015-03-10
445.6300,2015-03-09
454.1200,2015-03-06
467.6500,2015-03-05
469.7700,2015-03-04
474.7100,2015-03-03
480.2500,2015-03-02
474.9100,2015-02-27
483.0300,2015-02-26
478.3300,2015-02-25
474.8800,2015-02-24
471.8400,2015-02-23
478.2000,2015-02-20
474.6000,2015-02-19
475.0600,2015-02-18
469.9600,2015-02-17
466.1000,2015-02-13
456.7300,2015-02-12
454.8900,2015-02-11
453.9500,2015-02-10
443.0650,2015-02-09
444.3600,2015-02-06
448.9100,2015-02-05
448.7100,2015-02-04
456.9200,2015-02-03
441.0650,2015-02-02
441.8000,2015-01-30
443.8000,2015-01-29
442.4600,2015-01-28
454.1700,2015-01-27
446.5600,2015-01-26
437.4550,2015-01-23
428.4400,2015-01-22
409.2800,2015-01-21
348.8000,2015-01-20
337.3400,2015-01-16
323.7600,2015-01-15
324.2400,2015-01-14
323.7900,2015-01-13
318.8300,2015-01-12
329.2900,2015-01-09
334.4550,2015-01-08
327.2000,2015-01-07
325.5100,2015-01-06
331.1800,2015-01-05
348.9400,2015-01-02
341.6100,2014-12-31
343.2300,2014-12-30
341.9300,2014-12-29
340.0500,2014-12-26
342.1000,2014-12-24
336.4300,2014-12-23
336.6800,2014-12-22
340.1200,2014-12-19
334.4200,2014-12-18
333.6500,2014-12-17
316.4400,2014-12-16
327.0400,2014-12-15
334.4800,2014-12-12
334.6300,2014-12-11
334.3200,2014-12-10
343.7800,2014-12-09
339.4800,2014-12-08
350.9200,2014-12-05
350.6000,2014-12-04
355.1200,2014-12-03
352.3100,2014-12-02
341.8100,2014-12-01
346.5900,2014-11-28
351.1600,2014-11-26
348.9900,2014-11-25
356.4700,2014-11-24
360.2800,2014-11-21
368.1400,2014-11-20
363.1000,2014-11-19
381.0300,2014-11-18
381.1400,2014-11-17
386.0400,2014-11-14
379.4100,2014-11-13
383.8600,2014-11-12
382.5500,2014-11-11
387.2700,2014-11-10
384.1600,2014-11-07
383.3000,2014-11-06
380.3800,2014-11-05
382.7800,2014-11-04
388.4100,2014-11-03
392.7700,2014-10-31
379.0100,2014-10-30
378.1000,2014-10-29
386.2200,2014-10-28
379.4000,2014-10-27
385.0200,2014-10-24
383.0400,2014-10-23
374.6500,2014-10-22
365.9900,2014-10-21
359.2200,2014-10-20
357.0900,2014-10-17
361.7000,2014-10-16
448.5900,2014-10-15
449.1200,2014-10-14
438.5800,2014-10-13
452.0800,2014-10-10
461.6200,2014-10-09
466.8600,2014-10-08
456.2500,2014-10-07
463.4800,2014-10-06
459.5400,2014-10-03
449.9800,2014-10-02
438.8000,2014-10-01
451.1800,2014-09-30
449.5600,2014-09-29
448.7500,2014-09-26
443.4900,2014-09-25
450.5600,2014-09-24
443.9000,2014-09-23
442.7800,2014-09-22
457.5200,2014-09-19
459.0100,2014-09-18
454.5300,2014-09-17
456.9100,2014-09-16
457.7500,2014-09-15
476.5500,2014-09-12
481.5600,2014-09-11
484.3900,2014-09-10
479.0100,2014-09-09
479.3300,2014-09-08
475.6800,2014-09-05
472.6700,2014-09-04
477.3900,2014-09-03
476.6000,2014-09-02
477.6400,2014-08-29
475.2100,2014-08-28
474.7000,2014-08-27
479.3600,2014-08-26
480.9300,2014-08-25
479.1900,2014-08-22
472.0500,2014-08-21
472.1900,2014-08-20
468.1500,2014-08-19
466.0000,2014-08-18
459.0900,2014-08-15
450.8700,2014-08-14
451.5300,2014-08-13
446.4100,2014-08-12
451.5400,2014-08-11
445.8500,2014-08-08
449.6700,2014-08-07
430.3000,2014-08-06
422.8500,2014-08-05
422.7000,2014-08-04
425.4000,2014-08-01
422.7200,2014-07-31
434.3600,2014-07-30
424.2800,2014-07-29
424.6600,2014-07-28
421.8600,2014-07-25
425.3800,2014-07-24
427.9000,2014-07-23
431.0900,2014-07-22
451.9499,2014-07-21
444.1700,2014-07-18
439.3600,2014-07-17
444.4400,2014-07-16
449.0900,2014-07-15
452.5801,2014-07-14
439.9600,2014-07-11
438.5500,2014-07-10
443.0000,2014-07-09
445.0500,2014-07-08
460.6200,2014-07-07
472.3500,2014-07-03
466.7400,2014-07-02
473.1000,2014-07-01
440.6000,2014-06-30
442.0800,2014-06-27
439.6100,2014-06-26
444.2100,2014-06-25
436.3600,2014-06-24
439.5200,2014-06-23
440.1800,2014-06-20
441.3900,2014-06-19
448.6800,2014-06-18
443.6500,2014-06-17
430.2600,2014-06-16
427.7100,2014-06-13
422.4500,2014-06-12
430.0000,2014-06-11
428.2900,2014-06-10
423.0900,2014-06-09
430.1300,2014-06-06
428.3500,2014-06-05
423.2100,2014-06-04
417.5700,2014-06-03
422.0600,2014-06-02
417.8300,2014-05-30
415.2000,2014-05-29
401.2400,2014-05-28
398.8100,2014-05-27
402.3500,2014-05-23
391.8000,2014-05-22
390.6000,2014-05-21
371.6700,2014-05-20
364.5000,2014-05-19
349.8800,2014-05-16
344.1900,2014-05-15
351.8800,2014-05-14
347.1400,2014-05-13
345.4500,2014-05-12
328.5500,2014-05-09
321.6600,2014-05-08
320.5400,2014-05-07
326.1900,2014-05-06
344.3800,2014-05-05
340.6500,2014-05-02
336.5190,2014-05-01
322.0400,2014-04-30
319.8700,2014-04-29
314.2100,2014-04-28
322.0800,2014-04-25
344.0700,2014-04-24
353.5000,2014-04-23
372.9000,2014-04-22
348.4900,2014-04-21
345.7400,2014-04-17
331.4100,2014-04-16
326.2700,2014-04-15
331.5800,2014-04-14
326.7100,2014-04-11
334.7300,2014-04-10
353.0300,2014-04-09
348.8900,2014-04-08
338.0000,2014-04-07
337.3100,2014-04-04
354.6900,2014-04-03
362.8800,2014-04-02
364.6900,2014-04-01
352.0300,2014-03-31
358.8700,2014-03-28
364.1800,2014-03-27
372.2800,2014-03-26
370.8400,2014-03-25
378.9000,2014-03-24
405.9900,2014-03-21
424.2700,2014-03-20
420.0900,2014-03-19
420.2500,2014-03-18
422.7200,2014-03-17
424.4900,2014-03-14
430.0600,2014-03-13
436.5800,2014-03-12
437.4800,2014-03-11
439.9500,2014-03-10
448.3700,2014-03-07
450.5100,2014-03-06
453.5000,2014-03-05
454.9800,2014-03-04
445.5900,2014-03-03
445.6300,2014-02-28
452.2300,2014-02-27
448.7900,2014-02-26
453.0300,2014-02-25
447.0000,2014-02-24
432.2300,2014-02-21
434.9500,2014-02-20
428.2300,2014-02-19
436.8500,2014-02-18
435.5100,2014-02-14
436.5500,2014-02-13
428.9300,2014-02-12
433.9900,2014-02-11
430.4400,2014-02-10
429.9800,2014-02-07
407.9100,2014-02-06
404.4200,2014-02-05
405.9100,2014-02-04
404.3800,2014-02-03
409.3300,2014-01-31
404.6700,2014-01-30
400.4200,2014-01-29
406.7700,2014-01-28
381.2300,2014-01-27
386.0800,2014-01-24
388.7200,2014-01-23
333.7300,2014-01-22
328.7100,2014-01-21
330.0400,2014-01-17
331.6800,2014-01-16
330.3800,2014-01-15
337.9600,2014-01-14
336.8100,2014-01-13
332.1400,2014-01-10
337.0500,2014-01-09
340.9900,2014-01-08
339.5000,2014-01-07
359.5700,2014-01-06
363.1000,2014-01-03
362.8200,2014-01-02
368.1700,2013-12-31
366.9900,2013-12-30
367.5000,2013-12-27
376.9300,2013-12-26
378.3900,2013-12-24
380.5800,2013-12-23
375.6700,2013-12-20
376.7400,2013-12-19
376.2400,2013-12-18
374.8700,2013-12-17
366.3100,2013-12-16
368.9700,2013-12-13
373.3300,2013-12-12
363.9800,2013-12-11
363.1000,2013-12-10
355.6700,2013-12-09
354.4400,2013-12-06
358.0600,2013-12-05
356.2700,2013-12-04
362.9400,2013-12-03
363.9200,2013-12-02
365.8000,2013-11-29
362.4900,2013-11-27
355.2000,2013-11-26
350.2400,2013-11-25
347.8500,2013-11-22
348.5000,2013-11-21
339.5200,2013-11-20
337.2900,2013-11-19
341.7700,2013-11-18
349.7600,2013-11-15
342.5700,2013-11-14
335.2840,2013-11-13
333.7300,2013-11-12
337.9100,2013-11-11
334.9000,2013-11-08
326.8600,2013-11-07
335.6300,2013-11-06
341.5000,2013-11-05
337.6000,2013-11-04
329.2650,2013-11-01
322.4800,2013-10-31
318.1400,2013-10-30
327.3000,2013-10-29
314.0000,2013-10-28
328.0310,2013-10-25
331.2200,2013-10-24
330.2400,2013-10-23
354.9900,2013-10-22
354.9900,2013-10-21
333.5000,2013-10-18
330.1000,2013-10-17
322.8780,2013-10-16
321.6900,2013-10-15
324.3600,2013-10-14
300.8480,2013-10-11
303.9940,2013-10-10
288.4300,2013-10-09
302.3200,2013-10-08
318.1600,2013-10-07
327.2600,2013-10-04
321.7200,2013-10-03
330.7300,2013-10-02
324.6200,2013-10-01
309.2100,2013-09-30
312.4000,2013-09-27
313.5100,2013-09-26
307.1400,2013-09-25
306.4900,2013-09-24
302.0400,2013-09-23
313.8300,2013-09-20
305.4980,2013-09-19
306.9200,2013-09-18
299.5500,2013-09-17
302.1600,2013-09-16
305.6500,2013-09-13
301.4060,2013-09-12
308.3000,2013-09-11
313.0600,2013-09-10
294.1500,2013-09-09
291.5400,2013-09-06
295.1100,2013-09-05
292.4300,2013-09-04
289.0000,2013-09-03
283.9100,2013-08-30
287.8500,2013-08-29
283.3600,2013-08-28
276.0400,2013-08-27
282.7200,2013-08-26
278.3600,2013-08-23
269.7500,2013-08-22
270.3700,2013-08-21
273.2900,2013-08-20
259.7800,2013-08-19
258.8700,2013-08-16
253.4100,2013-08-15
261.8100,2013-08-14
259.1900,2013-08-13
256.6000,2013-08-12
252.7500,2013-08-09
250.4000,2013-08-08
249.2100,2013-08-07
255.9000,2013-08-06
253.8400,2013-08-05
246.1800,2013-08-02
249.1200,2013-08-01
244.4840,2013-07-31
243.7600,2013-07-30
244.9600,2013-07-29
246.3100,2013-07-26
246.7400,2013-07-25
241.3000,2013-07-24
250.2600,2013-07-23
261.9600,2013-07-22
264.5760,2013-07-19
266.4100,2013-07-18
267.9200,2013-07-17
260.4800,2013-07-16
257.9800,2013-07-15
257.2610,2013-07-12
244.1700,2013-07-11
243.8200,2013-07-10
247.3820,2013-07-09
233.1000,2013-07-08
225.1000,2013-07-05
220.9100,2013-07-03
221.4600,2013-07-02
224.2800,2013-07-01
211.0900,2013-06-28
214.9700,2013-06-27
212.1000,2013-06-26
212.9000,2013-06-25
215.6000,2013-06-24
216.9000,2013-06-21
223.5200,2013-06-20
232.3100,2013-06-19
228.8300,2013-06-18
229.2300,2013-06-17
213.9900,2013-06-14
215.3900,2013-06-13
207.6400,2013-06-12
214.4600,2013-06-11
220.9300,2013-06-10
220.2200,2013-06-07
217.7400,2013-06-06
223.4600,2013-06-05
225.3100,2013-06-04
221.9700,2013-06-03
226.2500,2013-05-31
222.6600,2013-05-30
215.3400,2013-05-29
214.1900,2013-05-28
228.7400,2013-05-24
226.1800,2013-05-23
228.5600,2013-05-22
237.0900,2013-05-21
239.5500,2013-05-20
239.0000,2013-05-17
237.0300,2013-05-16
243.4000,2013-05-15
233.9700,2013-05-14
229.3790,2013-05-13
217.6940,2013-05-10
216.4100,2013-05-09
208.6100,2013-05-08
206.2500,2013-05-07
210.6900,2013-05-06
213.4500,2013-05-03
214.4900,2013-05-02
212.9100,2013-05-01
216.0700,2013-04-30
215.0130,2013-04-29
215.5500,2013-04-26
213.7500,2013-04-25
216.7200,2013-04-24
216.9900,2013-04-23
174.3700,2013-04-22
163.3700,2013-04-19
163.8200,2013-04-18
169.3600,2013-04-17
175.8500,2013-04-16
176.5000,2013-04-15
173.2000,2013-04-12
173.0100,2013-04-11
166.0700,2013-04-10
169.3600,2013-04-09
163.0600,2013-04-08
164.6600,2013-04-05
166.6900,2013-04-04
169.7400,2013-04-03
176.6900,2013-04-02
182.4300,2013-04-01
189.2800,2013-03-28
190.2400,2013-03-27
190.6100,2013-03-26
180.7900,2013-03-25
181.3000,2013-03-22
181.9900,2013-03-21
183.0500,2013-03-20
181.3700,2013-03-19
185.5900,2013-03-18
184.8500,2013-03-15
188.3700,2013-03-14
192.3600,2013-03-13
182.1100,2013-03-12
180.4500,2013-03-11
184.7000,2013-03-08
181.5600,2013-03-07
182.9400,2013-03-06
181.7300,2013-03-05
181.2100,2013-03-04
189.3700,2013-03-01
188.0800,2013-02-28
184.3200,2013-02-27
184.0900,2013-02-26
179.3200,2013-02-25
179.8600,2013-02-22
187.1500,2013-02-21
187.1200,2013-02-20
196.4500,2013-02-19
189.5120,2013-02-15
187.4000,2013-02-14
186.2690,2013-02-13
177.9500,2013-02-12
177.8900,2013-02-11
180.9700,2013-02-08
181.9620,2013-02-07
184.4100,2013-02-06
174.3870,2013-02-05
174.7400,2013-02-04
164.8000,2013-02-01
165.2400,2013-01-31
167.7000,2013-01-30
169.1200,2013-01-29
162.1100,2013-01-28
169.5600,2013-01-25
146.8600,2013-01-24
103.2600,2013-01-23
97.8100,2013-01-22
99.1700,2013-01-18
97.7000,2013-01-17
97.4800,2013-01-16
101.6900,2013-01-15
103.4450,2013-01-14
101.2900,2013-01-11
98.0000,2013-01-10
95.9100,2013-01-09
97.1563,2013-01-08
99.2004,2013-01-07
95.9800,2013-01-04
96.5900,2013-01-03
92.0100,2013-01-02
92.5900,2012-12-31
89.3300,2012-12-28
90.5000,2012-12-27
90.6500,2012-12-26
90.2300,2012-12-24
91.3400,2012-12-21
93.5000,2012-12-20
93.9785,2012-12-19
95.6408,2012-12-18
94.7000,2012-12-17
93.3000,2012-12-14
92.5600,2012-12-13
90.7295,2012-12-12
86.0837,2012-12-11
84.8000,2012-12-10
85.9800,2012-12-07
86.1700,2012-12-06
83.3700,2012-12-05
86.6491,2012-12-04
76.0000,2012-12-03
81.7100,2012-11-30
81.3800,2012-11-29
82.2300,2012-11-28
83.0800,2012-11-27
82.0600,2012-11-26
82.9500,2012-11-23
83.0000,2012-11-21
82.4000,2012-11-20
81.3607,2012-11-19
80.9000,2012-11-16
81.4804,2012-11-15
79.7808,2012-11-14
79.6081,2012-11-13
78.1900,2012-11-12
77.9000,2012-11-09
75.9700,2012-11-08
77.6800,2012-11-07
76.3700,2012-11-06
78.2400,2012-11-05
76.9000,2012-11-02
77.6900,2012-11-01
79.2394,2012-10-31
69.5800,2012-10-26
61.5100,2012-10-25
60.1177,2012-10-24
68.2200,2012-10-23
67.8800,2012-10-22
64.9800,2012-10-19
67.3600,2012-10-18
68.5200,2012-10-17
66.0500,2012-10-16
64.7600,2012-10-15
64.3335,2012-10-12
65.9800,2012-10-11
65.5000,2012-10-10
65.5281,2012-10-09
73.5200,2012-10-08
66.5600,2012-10-05
66.6700,2012-10-04
62.5800,2012-10-03
56.4600,2012-10-02
56.0500,2012-10-01
54.4400,2012-09-28
55.5500,2012-09-27
55.1300,2012-09-26
53.8000,2012-09-25
56.3900,2012-09-24
57.7900,2012-09-21
58.7400,2012-09-20
57.0400,2012-09-19
56.0600,2012-09-18
57.0200,2012-09-17
60.5200,2012-09-14
58.0000,2012-09-13
57.2100,2012-09-12
57.1600,2012-09-11
55.9200,2012-09-10
56.6600,2012-09-07
56.6500,2012-09-06
54.9600,2012-09-05
55.9300,2012-09-04
59.7200,2012-08-31
60.4800,2012-08-30
63.4400,2012-08-29
62.9500,2012-08-28
62.3900,2012-08-27
63.1600,2012-08-24
64.0500,2012-08-23
65.4000,2012-08-22
65.6000,2012-08-21
64.2400,2012-08-20
63.6900,2012-08-17
64.3100,2012-08-16
63.2600,2012-08-15
61.7600,2012-08-14
59.9100,2012-08-13
59.9000,2012-08-10
57.9100,2012-08-09
57.8000,2012-08-08
57.9000,2012-08-07
56.7900,2012-08-06
53.9100,2012-08-03
53.8700,2012-08-02
54.5000,2012-08-01
56.8500,2012-07-31
57.7500,2012-07-30
58.9200,2012-07-27
57.0100,2012-07-26
60.2800,2012-07-25
80.3900,2012-07-24
79.9400,2012-07-23
81.8200,2012-07-20
83.1200,2012-07-19
81.2700,2012-07-18
81.7800,2012-07-17
82.9800,2012-07-16
84.9000,2012-07-13
84.9700,2012-07-12
81.6400,2012-07-11
80.2300,2012-07-10
82.9900,2012-07-09
81.8900,2012-07-06
81.7200,2012-07-05
72.0400,2012-07-03
67.8500,2012-07-02
68.4850,2012-06-29
67.3600,2012-06-28
66.4900,2012-06-27
66.8000,2012-06-26
67.0300,2012-06-25
67.8600,2012-06-22
65.8400,2012-06-21
68.1590,2012-06-20
69.8300,2012-06-19
66.7300,2012-06-18
65.7900,2012-06-15
62.6600,2012-06-14
62.8300,2012-06-13
63.0200,2012-06-12
63.0000,2012-06-11
65.6400,2012-06-08
64.6400,2012-06-07
65.8800,2012-06-06
64.8300,2012-06-05
65.0000,2012-06-04
62.9500,2012-06-01
63.4400,2012-05-31
67.3400,2012-05-30
69.4400,2012-05-29
70.2200,2012-05-25
70.2700,2012-05-24
71.9100,2012-05-23
67.7100,2012-05-22
71.7400,2012-05-21
69.9600,2012-05-18
71.9700,2012-05-17
74.2000,2012-05-16
77.4800,2012-05-15
76.9600,2012-05-14
77.3800,2012-05-11
72.4200,2012-05-10
74.3500,2012-05-09
72.7900,2012-05-08
73.4500,2012-05-07
73.1450,2012-05-04
75.9700,2012-05-03
82.2300,2012-05-02
81.3600,2012-05-01
80.1400,2012-04-30
83.7400,2012-04-27
85.0700,2012-04-26
86.3500,2012-04-25
87.6800,2012-04-24
101.8400,2012-04-23
106.1100,2012-04-20
107.0900,2012-04-19
106.9600,2012-04-18
107.0200,2012-04-17
101.1500,2012-04-16
104.1700,2012-04-13
104.2600,2012-04-12
99.8100,2012-04-11
101.9200,2012-04-10
106.6800,2012-04-09
110.5000,2012-04-05
110.2600,2012-04-04
112.9600,2012-04-03
113.9700,2012-04-02
115.0400,2012-03-30
115.0500,2012-03-29
118.8050,2012-03-28
120.6700,2012-03-27
121.9900,2012-03-26
120.1900,2012-03-23
118.7300,2012-03-22
120.1000,2012-03-21
115.0200,2012-03-20
114.3300,2012-03-19
109.9600,2012-03-16
110.1700,2012-03-15
105.2500,2012-03-14
106.3500,2012-03-13
106.2000,2012-03-12
109.1300,2012-03-09
108.0700,2012-03-08
105.1900,2012-03-07
107.1300,2012-03-06
110.8100,2012-03-05
115.1000,2012-03-02
112.7500,2012-03-01
110.7300,2012-02-29
113.3200,2012-02-28
109.4100,2012-02-27
111.6700,2012-02-24
112.9900,2012-02-23
112.4000,2012-02-22
117.4000,2012-02-21
121.8500,2012-02-17
121.9100,2012-02-16
122.0600,2012-02-15
123.0700,2012-02-14
118.3000,2012-02-13
123.9300,2012-02-10
124.8400,2012-02-09
124.0000,2012-02-08
127.8800,2012-02-07
129.2500,2012-02-06
126.4300,2012-02-03
124.0000,2012-02-02
122.9700,2012-02-01
120.2000,2012-01-31
125.4300,2012-01-30
123.7900,2012-01-27
116.0100,2012-01-26
95.0400,2012-01-25
92.6700,2012-01-24
93.9600,2012-01-23
100.2400,2012-01-20
103.4600,2012-01-19
98.5400,2012-01-18
94.7200,2012-01-17
94.3800,2012-01-13
92.1500,2012-01-12
92.1500,2012-01-11
95.8300,2012-01-10
98.1800,2012-01-09
86.2900,2012-01-06
79.3000,2012-01-05
80.4500,2012-01-04
72.2400,2012-01-03
69.2900,2011-12-30
69.3000,2011-12-29
69.2000,2011-12-28
70.5960,2011-12-27
72.6200,2011-12-23
73.8400,2011-12-22
70.9700,2011-12-21
71.4000,2011-12-20
67.1500,2011-12-19
69.8200,2011-12-16
69.7200,2011-12-15
71.0400,2011-12-14
72.1100,2011-12-13
75.2600,2011-12-12
70.8900,2011-12-09
69.4200,2011-12-08
71.9600,2011-12-07
68.1400,2011-12-06
70.1200,2011-12-05
66.3700,2011-12-02
67.1700,2011-12-01
64.5300,2011-11-30
67.5700,2011-11-29
69.9500,2011-11-28
63.8580,2011-11-25
68.5000,2011-11-23
70.4500,2011-11-22
74.4700,2011-11-21
78.0600,2011-11-18
76.4600,2011-11-17
81.1800,2011-11-16
86.2800,2011-11-15
85.7200,2011-11-14
87.7500,2011-11-11
85.1200,2011-11-10
88.0500,2011-11-09
90.4700,2011-11-08
90.8300,2011-11-07
90.0200,2011-11-04
92.2900,2011-11-03
83.3900,2011-11-02
80.0900,2011-11-01
82.0800,2011-10-31
84.1400,2011-10-28
80.8600,2011-10-27
79.4000,2011-10-26
77.3700,2011-10-25
118.8400,2011-10-24
117.0400,2011-10-21
111.4800,2011-10-20
109.4200,2011-10-19
111.7400,2011-10-18
117.3300,2011-10-17
116.0400,2011-10-14
117.0100,2011-10-13
113.6200,2011-10-12
108.6600,2011-10-11
111.6200,2011-10-10
117.2100,2011-10-07
123.2400,2011-10-06
119.7600,2011-10-05
114.9000,2011-10-04
113.2500,2011-10-03
113.2700,2011-09-30
113.1900,2011-09-29
127.1400,2011-09-28
127.4900,2011-09-27
132.2200,2011-09-26
129.3600,2011-09-23
128.5300,2011-09-22
128.5000,2011-09-21
130.0300,2011-09-20
143.7500,2011-09-19
155.1900,2011-09-16
169.2500,2011-09-15
208.7100,2011-09-14
208.7500,2011-09-13
210.0500,2011-09-12
203.9700,2011-09-09
211.2000,2011-09-08
216.0000,2011-09-07
218.7700,2011-09-06
213.1100,2011-09-02
233.2700,2011-09-01
235.0100,2011-08-31
236.2800,2011-08-30
225.0350,2011-08-29
221.8900,2011-08-26
215.8300,2011-08-25
216.0300,2011-08-24
219.5400,2011-08-23
205.2100,2011-08-22
205.2100,2011-08-19
217.4800,2011-08-18
232.2400,2011-08-17
239.0400,2011-08-16
246.2800,2011-08-15
244.0000,2011-08-12
243.1300,2011-08-11
232.4200,2011-08-10
237.8000,2011-08-09
226.6400,2011-08-08
241.1100,2011-08-05
245.7700,2011-08-04
260.0000,2011-08-03
257.2000,2011-08-02
263.3800,2011-08-01
265.9900,2011-07-29
266.6200,2011-07-28
269.4200,2011-07-27
266.9100,2011-07-26
281.5300,2011-07-25
276.5800,2011-07-22
275.8100,2011-07-21
281.4000,2011-07-20
287.2900,2011-07-19
279.0000,2011-07-18
286.9300,2011-07-15
286.6200,2011-07-14
298.7300,2011-07-13
291.2700,2011-07-12
290.7400,2011-07-11
295.1400,2011-07-08
292.4200,2011-07-07
290.9600,2011-07-06
289.6300,2011-07-05
267.9900,2011-07-01
262.6900,2011-06-30
264.9400,2011-06-29
265.0900,2011-06-28
260.1200,2011-06-27
256.9600,2011-06-24
255.7200,2011-06-23
248.6600,2011-06-22
253.6500,2011-06-21
245.6300,2011-06-20
245.6700,2011-06-17
249.3000,2011-06-16
257.1200,2011-06-15
261.1280,2011-06-14
257.2200,2011-06-13
258.6220,2011-06-10
262.5700,2011-06-09
262.2600,2011-06-08
263.6900,2011-06-07
262.5900,2011-06-06
273.7020,2011-06-03
271.7000,2011-06-02
267.2600,2011-06-01
270.8000,2011-05-31
264.5100,2011-05-27
263.7500,2011-05-26
259.4700,2011-05-25
247.6000,2011-05-24
247.8300,2011-05-23
245.9000,2011-05-20
242.7300,2011-05-19
242.5400,2011-05-18
236.9400,2011-05-17
237.0900,2011-05-16
246.5200,2011-05-13
245.7700,2011-05-12
240.6700,2011-05-11
237.6300,2011-05-10
236.4100,2011-05-09
229.4700,2011-05-06
230.3100,2011-05-05
229.1900,2011-05-04
231.2400,2011-05-03
237.1920,2011-05-02
232.6700,2011-04-29
234.3700,2011-04-28
235.9600,2011-04-27
228.9100,2011-04-26
251.6700,2011-04-25
252.2200,2011-04-21
244.4300,2011-04-20
241.5500,2011-04-19
233.3300,2011-04-18
235.4900,2011-04-15
236.7300,2011-04-14
238.7500,2011-04-13
233.9200,2011-04-12
228.1600,2011-04-11
234.8600,2011-04-08
233.9600,2011-04-07
239.9700,2011-04-06
244.2300,2011-04-05
244.7200,2011-04-04
242.0900,2011-04-01
237.7800,2011-03-31
237.9500,2011-03-30
237.3800,2011-03-29
237.3200,2011-03-28
230.0100,2011-03-25
229.1300,2011-03-24
229.0600,2011-03-23
221.3900,2011-03-22
212.8400,2011-03-21
209.4000,2011-03-18
213.9000,2011-03-17
213.8400,2011-03-16
217.1100,2011-03-15
201.2000,2011-03-14
204.5410,2011-03-11
200.0200,2011-03-10
192.9900,2011-03-09
195.4500,2011-03-08
207.4000,2011-03-07
210.7200,2011-03-04
203.3700,2011-03-03
204.2300,2011-03-02
204.6300,2011-03-01
206.6700,2011-02-28
212.4400,2011-02-25
215.1800,2011-02-24
211.2000,2011-02-23
221.6000,2011-02-22
235.5100,2011-02-18
235.6300,2011-02-17
237.7225,2011-02-16
240.7900,2011-02-15
247.5500,2011-02-14
231.0700,2011-02-11
223.2000,2011-02-10
222.2900,2011-02-09
217.6250,2011-02-08
218.0200,2011-02-07
220.0700,2011-02-04
211.4900,2011-02-03
211.2600,2011-02-02
212.9000,2011-02-01
214.0800,2011-01-31
217.9800,2011-01-28
210.8700,2011-01-27
183.0300,2011-01-26
186.7400,2011-01-25
183.9600,2011-01-24
182.0900,2011-01-21
185.0000,2011-01-20
190.8700,2011-01-19
193.6800,2011-01-18
191.4800,2011-01-14
191.4900,2011-01-13
188.9000,2011-01-12
186.6500,2011-01-11
187.8800,2011-01-10
179.3000,2011-01-07
177.9900,2011-01-06
179.7300,2011-01-05
181.3700,2011-01-04
178.4100,2011-01-03
175.7000,2010-12-31
179.8000,2010-12-30
180.2700,2010-12-29
183.6700,2010-12-28
180.0100,2010-12-27
184.5800,2010-12-23
185.3500,2010-12-22
186.2400,2010-12-21
178.0500,2010-12-20
180.0200,2010-12-17
181.6500,2010-12-16
178.5000,2010-12-15
178.4500,2010-12-14
183.8000,2010-12-13
194.6300,2010-12-10
191.0500,2010-12-09
188.2300,2010-12-08
189.8100,2010-12-07
193.4700,2010-12-06
185.4500,2010-12-03
193.4200,2010-12-02
200.1400,2010-12-01
205.9000,2010-11-30
198.9200,2010-11-29
191.9000,2010-11-26
188.7700,2010-11-24
187.7100,2010-11-23
188.3200,2010-11-22
173.0400,2010-11-19
168.3300,2010-11-18
166.6800,2010-11-17
165.4000,2010-11-16
168.3000,2010-11-15
173.0000,2010-11-12
175.1400,2010-11-11
176.8700,2010-11-10
170.4600,2010-11-09
169.1300,2010-11-08
168.1000,2010-11-05
167.8200,2010-11-04
171.4600,2010-11-03
171.6100,2010-11-02
167.3700,2010-11-01
173.5700,2010-10-29
175.7000,2010-10-28
178.5000,2010-10-27
177.6200,2010-10-26
166.8400,2010-10-25
168.1000,2010-10-22
172.6900,2010-10-21
153.1500,2010-10-20
149.3300,2010-10-19
153.0000,2010-10-18
155.7200,2010-10-15
152.7800,2010-10-14
154.6100,2010-10-13
155.3900,2010-10-12
153.6900,2010-10-11
149.6400,2010-10-08
151.4300,2010-10-07
150.2700,2010-10-06
156.1625,2010-10-05
156.3900,2010-10-04
154.6600,2010-10-01
162.1600,2010-09-30
170.6300,2010-09-29
161.8600,2010-09-28
164.9900,2010-09-27
162.2100,2010-09-24
160.4700,2010-09-23
156.9300,2010-09-22
147.2000,2010-09-21
142.8899,2010-09-20
140.4600,2010-09-17
140.5000,2010-09-16
143.1200,2010-09-15
146.6500,2010-09-14
147.9400,2010-09-13
146.1600,2010-09-10
145.6800,2010-09-09
146.0000,2010-09-08
141.7900,2010-09-07
138.4800,2010-09-03
138.0000,2010-09-02
134.9150,2010-09-01
125.5200,2010-08-31
123.1000,2010-08-30
126.1000,2010-08-27
125.8400,2010-08-26
124.2500,2010-08-25
121.2800,2010-08-24
126.9000,2010-08-23
129.9600,2010-08-20
128.2400,2010-08-19
125.7000,2010-08-18
132.9700,2010-08-17
137.2200,2010-08-16
132.2600,2010-08-13
133.0500,2010-08-12
126.4700,2010-08-11
125.0100,2010-08-10
116.9000,2010-08-09
118.3200,2010-08-06
110.5300,2010-08-05
108.1300,2010-08-04
104.4100,2010-08-03
101.8800,2010-08-02
102.5500,2010-07-30
98.0200,2010-07-29
100.3100,2010-07-28
104.0900,2010-07-27
102.7900,2010-07-26
107.7000,2010-07-23
103.5600,2010-07-22
119.6500,2010-07-21
120.3900,2010-07-20
118.9000,2010-07-19
118.3900,2010-07-16
121.1100,2010-07-15
123.0000,2010-07-14
120.9200,2010-07-13
119.3800,2010-07-12
117.5340,2010-07-09
116.9800,2010-07-08
118.4900,2010-07-07
107.2700,2010-07-06
107.0800,2010-07-02
109.6600,2010-07-01
108.6500,2010-06-30
112.5800,2010-06-29
117.6100,2010-06-28
117.9800,2010-06-25
115.2500,2010-06-24
117.7700,2010-06-23
116.4300,2010-06-22
118.9900,2010-06-21
126.4200,2010-06-18
125.8600,2010-06-17
124.6700,2010-06-16
123.5000,2010-06-15
126.8100,2010-06-14
120.6900,2010-06-11
118.6600,2010-06-10
115.4300,2010-06-09
110.3300,2010-06-08
109.1600,2010-06-07
109.7800,2010-06-04
111.8500,2010-06-03
110.7801,2010-06-02
107.2900,2010-06-01
111.1500,2010-05-28
108.8600,2010-05-27
104.8000,2010-05-26
105.0000,2010-05-25
101.6200,2010-05-24
99.4700,2010-05-21
94.9900,2010-05-20
100.6100,2010-05-19
102.0100,2010-05-18
106.3500,2010-05-17
100.5600,2010-05-14
110.0100,2010-05-13
107.8300,2010-05-12
99.8200,2010-05-11
97.5050,2010-05-10
91.0900,2010-05-07
96.9700,2010-05-06
98.2300,2010-05-05
99.3600,2010-05-04
101.9900,2010-05-03
98.9000,2010-04-30
103.1700,2010-04-29
99.3900,2010-04-28
102.0700,2010-04-27
108.1700,2010-04-26
99.7300,2010-04-23
100.2500,2010-04-22
86.9800,2010-04-21
87.0700,2010-04-20
84.8000,2010-04-19
85.3100,2010-04-16
86.8300,2010-04-15
87.5700,2010-04-14
86.3800,2010-04-13
83.1800,2010-04-12
82.4200,2010-04-09
81.8300,2010-04-08
79.7300,2010-04-07
83.3700,2010-04-06
79.9900,2010-04-05
75.0000,2010-04-01
73.7400,2010-03-31
75.0600,2010-03-30
73.9000,2010-03-29
74.3000,2010-03-26
73.5400,2010-03-25
72.3700,2010-03-24
72.9600,2010-03-23
72.8900,2010-03-22
70.4500,2010-03-19
70.5400,2010-03-18
70.9200,2010-03-17
70.6300,2010-03-16
69.6000,2010-03-15
69.9800,2010-03-12
71.1900,2010-03-11
71.2800,2010-03-10
69.9400,2010-03-09
68.6800,2010-03-08
67.6500,2010-03-05
68.0100,2010-03-04
67.5500,2010-03-03
68.9800,2010-03-02
69.7000,2010-03-01
66.0500,2010-02-26
65.6100,2010-02-25
64.6900,2010-02-24
64.3500,2010-02-23
65.2700,2010-02-22
66.6500,2010-02-19
66.1000,2010-02-18
64.5100,2010-02-17
64.8600,2010-02-16
63.1800,2010-02-12
63.3600,2010-02-11
61.4900,2010-02-10
62.1300,2010-02-09
60.9000,2010-02-08
60.8400,2010-02-05
60.3400,2010-02-04
61.9500,2010-02-03
61.8500,2010-02-02
61.0300,2010-02-01
62.2500,2010-01-29
63.0400,2010-01-28
50.9700,2010-01-27
49.9500,2010-01-26
49.1300,2010-01-25
50.8900,2010-01-22
51.1900,2010-01-21
51.2400,2010-01-20
51.2000,2010-01-19
50.9500,2010-01-15
50.9900,2010-01-14
53.9600,2010-01-13
52.3700,2010-01-12
53.2300,2010-01-11
53.3000,2010-01-08
52.4000,2010-01-07
53.3200,2010-01-06
51.5100,2010-01-05
53.4800,2010-01-04
55.0900,2009-12-31
55.6320,2009-12-30
56.9800,2009-12-29
57.3400,2009-12-28
56.8900,2009-12-24
56.8500,2009-12-23
53.6100,2009-12-22
53.9600,2009-12-21
53.2700,2009-12-18
53.7300,2009-12-17
55.0800,2009-12-16
56.9200,2009-12-15
56.4100,2009-12-14
55.7000,2009-12-11
56.7400,2009-12-10
55.9600,2009-12-09
55.9200,2009-12-08
55.9100,2009-12-07
56.2300,2009-12-04
57.9900,2009-12-03
59.0000,2009-12-02
58.2300,2009-12-01
58.6300,2009-11-30
57.8500,2009-11-27
59.2200,2009-11-25
59.6700,2009-11-24
60.3800,2009-11-23
59.9700,2009-11-20
60.2600,2009-11-19
61.1300,2009-11-18
60.7500,2009-11-17
59.4600,2009-11-16
59.3300,2009-11-13
58.1900,2009-11-12
59.4400,2009-11-11
58.4000,2009-11-10
57.2000,2009-11-09
55.8600,2009-11-06
56.3900,2009-11-05
54.1600,2009-11-04
53.7500,2009-11-03
53.8000,2009-11-02
53.4500,2009-10-30
55.3200,2009-10-29
53.5400,2009-10-28
54.2400,2009-10-27
55.1700,2009-10-26
54.8900,2009-10-23
49.6300,2009-10-22
47.8500,2009-10-21
48.9600,2009-10-20
49.8000,2009-10-19
48.9900,2009-10-16
50.3500,2009-10-15
48.0700,2009-10-14
46.4900,2009-10-13
46.0600,2009-10-12
46.9100,2009-10-09
46.0400,2009-10-08
46.2500,2009-10-07
46.1700,2009-10-06
45.4200,2009-10-05
44.7200,2009-10-02
44.6200,2009-10-01
46.1700,2009-09-30
46.2600,2009-09-29
45.9700,2009-09-28
46.2600,2009-09-25
46.6200,2009-09-24
46.8500,2009-09-23
47.7300,2009-09-22
47.5000,2009-09-21
47.4000,2009-09-18
46.4400,2009-09-17
46.8000,2009-09-16
44.9700,2009-09-15
43.2800,2009-09-14
42.6600,2009-09-11
43.5000,2009-09-10
43.2300,2009-09-09
41.4800,2009-09-08
40.9500,2009-09-04
40.2900,2009-09-03
41.7800,2009-09-02
42.1500,2009-09-01
43.6300,2009-08-31
44.2200,2009-08-28
43.7500,2009-08-27
43.9700,2009-08-26
44.4600,2009-08-25
44.3200,2009-08-24
45.1000,2009-08-21
44.9800,2009-08-20
44.8700,2009-08-19
43.5500,2009-08-18
43.1100,2009-08-17
44.4900,2009-08-14
46.2800,2009-08-13
46.2800,2009-08-12
46.0900,2009-08-11
45.8000,2009-08-10
45.0000,2009-08-07
43.5000,2009-08-06
44.3100,2009-08-05
44.1800,2009-08-04
44.9700,2009-08-03
43.9400,2009-07-31
43.6100,2009-07-30
42.7000,2009-07-29
42.3400,2009-07-28
41.7000,2009-07-27
42.2000,2009-07-24
46.4600,2009-07-23
45.2800,2009-07-22
44.7800,2009-07-21
44.8200,2009-07-20
44.1400,2009-07-17
44.1300,2009-07-16
44.4100,2009-07-15
43.3000,2009-07-14
42.1900,2009-07-13
40.0700,2009-07-10
39.9500,2009-07-09
38.7000,2009-07-08
38.8000,2009-07-07
39.7800,2009-07-06
39.9200,2009-07-02
40.6200,2009-07-01
41.3400,2009-06-30
41.2000,2009-06-29
40.3700,2009-06-26
41.1100,2009-06-25
39.5900,2009-06-24
39.5700,2009-06-23
40.5500,2009-06-22
41.5900,2009-06-19
41.3100,2009-06-18
40.4000,2009-06-17
37.8300,2009-06-16
38.1600,2009-06-15
37.8400,2009-06-12
37.7400,2009-06-11
37.8600,2009-06-10
39.0100,2009-06-09
38.8100,2009-06-08
39.1900,2009-06-05
40.7100,2009-06-04
40.5000,2009-06-03
41.1700,2009-06-02
40.9400,2009-06-01
39.4200,2009-05-29
38.5400,2009-05-28
38.9300,2009-05-27
40.0900,2009-05-26
38.8000,2009-05-22
39.1100,2009-05-21
40.2500,2009-05-20
39.6300,2009-05-19
38.7700,2009-05-18
38.5000,2009-05-15
37.0800,2009-05-14
37.6500,2009-05-13
40.3300,2009-05-12
39.6000,2009-05-11
40.2200,2009-05-08
39.9700,2009-05-07
42.9900,2009-05-06
45.1100,2009-05-05
44.9400,2009-05-04
44.4800,2009-05-01
45.3100,2009-04-30
45.2300,2009-04-29
46.1800,2009-04-28
46.3700,2009-04-27
42.7300,2009-04-24
45.3200,2009-04-23
45.8800,2009-04-22
46.6000,2009-04-21
49.6100,2009-04-20
48.8300,2009-04-17
48.2700,2009-04-16
46.5900,2009-04-15
47.8000,2009-04-14
49.4200,2009-04-13
46.9500,2009-04-09
44.2800,2009-04-08
43.7000,2009-04-07
44.5000,2009-04-06
43.0700,2009-04-03
43.1300,2009-04-02
42.8700,2009-04-01
42.9200,2009-03-31
42.0300,2009-03-30
39.6800,2009-03-27
41.7500,2009-03-26
41.5600,2009-03-25
43.4400,2009-03-24
43.4000,2009-03-23
41.6500,2009-03-20
41.5100,2009-03-19
41.6200,2009-03-18
40.7900,2009-03-17
38.6600,2009-03-16
39.3700,2009-03-13
39.9600,2009-03-12
37.4900,2009-03-11
38.5000,2009-03-10
38.5000,2009-03-09
38.1800,2009-03-06
37.9000,2009-03-05
37.7100,2009-03-04
36.3600,2009-03-03
34.3500,2009-03-02
36.2400,2009-02-27
35.7800,2009-02-26
35.7900,2009-02-25
36.0600,2009-02-24
35.5800,2009-02-23
36.8000,2009-02-20
37.0900,2009-02-19
37.0000,2009-02-18
37.2200,2009-02-17
38.5400,2009-02-13
37.9300,2009-02-12
36.1700,2009-02-11
36.1700,2009-02-10
36.9400,2009-02-09
37.0000,2009-02-06
37.4700,2009-02-05
36.8500,2009-02-04
36.7400,2009-02-03
36.9500,2009-02-02
36.1400,2009-01-30
36.8800,2009-01-29
36.1600,2009-01-28
34.8200,2009-01-27
30.1500,2009-01-26
30.4400,2009-01-23
30.8400,2009-01-22
30.6900,2009-01-21
29.8300,2009-01-20
31.2600,2009-01-16
31.6200,2009-01-15
29.5400,2009-01-14
30.9400,2009-01-13
31.2100,2009-01-12
32.2600,2009-01-09
33.1500,2009-01-08
32.7100,2009-01-07
32.9400,2009-01-06
31.9400,2009-01-05
29.8700,2009-01-02
29.8900,2008-12-31
28.6600,2008-12-30
27.9300,2008-12-29
28.4600,2008-12-26
27.4100,2008-12-24
27.1500,2008-12-23
27.9200,2008-12-22
27.6900,2008-12-19
28.2400,2008-12-18
28.7900,2008-12-17
28.6500,2008-12-16
28.4900,2008-12-15
28.5100,2008-12-12
28.1400,2008-12-11
28.4800,2008-12-10
28.0900,2008-12-09
25.5100,2008-12-08
25.2700,2008-12-05
23.1700,2008-12-04
23.8100,2008-12-03
23.2100,2008-12-02
22.0400,2008-12-01
22.9800,2008-11-28
22.8700,2008-11-26
21.6300,2008-11-25
22.2100,2008-11-24
19.9900,2008-11-21
18.7200,2008-11-20
20.5500,2008-11-19
21.4500,2008-11-18
21.2500,2008-11-17
22.0300,2008-11-14
24.3600,2008-11-13
20.7000,2008-11-12
22.0200,2008-11-11
21.5300,2008-11-10
21.8600,2008-11-07
21.4800,2008-11-06
22.9900,2008-11-05
24.0300,2008-11-04
23.3600,2008-11-03
24.7600,2008-10-31
22.7800,2008-10-30
21.7600,2008-10-29
20.5700,2008-10-28
17.9400,2008-10-27
18.9500,2008-10-24
20.7900,2008-10-23
20.7000,2008-10-22
20.8500,2008-10-21
23.8000,2008-10-20
23.3000,2008-10-17
23.4500,2008-10-16
22.5100,2008-10-15
24.0400,2008-10-14
25.4000,2008-10-13
24.2900,2008-10-10
22.9400,2008-10-09
22.7400,2008-10-08
22.3100,2008-10-07
26.4900,2008-10-06
28.9700,2008-10-03
29.3000,2008-10-02
30.0400,2008-10-01
30.8800,2008-09-30
31.6000,2008-09-29
32.8700,2008-09-26
32.9700,2008-09-25
31.7700,2008-09-24
31.5300,2008-09-23
31.7100,2008-09-22
31.9400,2008-09-19
31.0400,2008-09-18
28.8600,2008-09-17
28.4600,2008-09-16
28.1100,2008-09-15
29.4500,2008-09-12
28.8300,2008-09-11
28.7500,2008-09-10
28.7400,2008-09-09
30.1500,2008-09-08
29.6600,2008-09-05
29.8700,2008-09-04
30.9100,2008-09-03
30.8400,2008-09-02
30.8400,2008-08-29
31.1200,2008-08-28
30.6400,2008-08-27
30.0900,2008-08-26
29.9400,2008-08-25
30.6500,2008-08-22
30.0000,2008-08-21
30.5200,2008-08-20
30.1100,2008-08-19
30.5900,2008-08-18
31.2600,2008-08-15
31.8400,2008-08-14
31.1600,2008-08-13
30.8100,2008-08-12
32.2000,2008-08-11
31.0500,2008-08-08
30.4600,2008-08-07
30.0000,2008-08-06
29.8900,2008-08-05
29.8300,2008-08-04
29.2200,2008-08-01
30.8900,2008-07-31
30.5300,2008-07-30
31.0400,2008-07-29
28.6300,2008-07-28
27.8500,2008-07-25
26.7300,2008-07-24
27.9800,2008-07-23
27.2200,2008-07-22
27.3500,2008-07-21
27.1000,2008-07-18
27.7800,2008-07-17
28.1100,2008-07-16
27.7100,2008-07-15
27.8100,2008-07-14
27.2100,2008-07-11
27.8500,2008-07-10
28.6200,2008-07-09
28.4100,2008-07-08
28.2500,2008-07-07
27.2800,2008-07-03
27.2500,2008-07-02
27.1000,2008-07-01
26.0700,2008-06-30
26.7400,2008-06-27
28.7800,2008-06-26
29.6000,2008-06-25
29.0000,2008-06-24
29.6100,2008-06-23
31.4000,2008-06-20
32.1000,2008-06-19
30.1800,2008-06-18
31.3000,2008-06-17
31.9200,2008-06-16
32.2200,2008-06-13
31.0100,2008-06-12
30.2300,2008-06-11
30.6300,2008-06-10
31.1300,2008-06-09
31.8200,2008-06-06
33.1700,2008-06-05
32.3700,2008-06-04
31.8700,2008-06-03
30.8900,2008-06-02
30.3600,2008-05-30
30.3500,2008-05-29
31.1200,2008-05-28
32.0300,2008-05-27
31.2100,2008-05-23
31.7100,2008-05-22
31.6900,2008-05-21
31.6300,2008-05-20
30.9800,2008-05-19
31.6600,2008-05-16
29.9300,2008-05-15
30.4000,2008-05-14
30.6600,2008-05-13
30.7100,2008-05-12
30.7200,2008-05-09
30.1500,2008-05-08
30.1600,2008-05-07
30.9400,2008-05-06
31.0000,2008-05-05
31.1000,2008-05-02
31.0000,2008-05-01
31.9800,2008-04-30
32.1800,2008-04-29
33.0600,2008-04-28
33.9600,2008-04-25
33.0200,2008-04-24
31.2600,2008-04-23
30.0000,2008-04-22
39.3200,2008-04-21
38.5600,2008-04-18
40.7000,2008-04-17
38.9700,2008-04-16
36.4800,2008-04-15
35.7800,2008-04-14
35.5100,2008-04-11
36.5700,2008-04-10
36.4200,2008-04-09
36.9000,2008-04-08
35.9000,2008-04-07
36.2100,2008-04-04
37.3300,2008-04-03
36.3500,2008-04-02
36.5100,2008-04-01
34.6500,2008-03-31
35.5900,2008-03-28
36.3600,2008-03-27
37.8600,2008-03-26
37.1200,2008-03-25
38.1700,2008-03-24
36.2400,2008-03-20
34.8700,2008-03-19
35.0000,2008-03-18
32.9900,2008-03-17
33.2600,2008-03-14
34.2100,2008-03-13
34.0400,2008-03-12
33.0800,2008-03-11
33.2100,2008-03-10
31.2600,2008-03-07
30.6200,2008-03-06
32.1000,2008-03-05
31.5200,2008-03-04
30.9400,2008-03-03
31.5800,2008-02-29
31.5400,2008-02-28
32.4300,2008-02-27
29.0000,2008-02-26
28.0000,2008-02-25
27.8000,2008-02-22
27.8700,2008-02-21
27.4700,2008-02-20
26.7900,2008-02-19
26.6000,2008-02-15
26.7500,2008-02-14
27.3100,2008-02-13
26.9000,2008-02-12
26.8900,2008-02-11
26.8800,2008-02-08
26.8500,2008-02-07
26.0200,2008-02-06
25.2600,2008-02-05
25.8900,2008-02-04
25.3900,2008-02-01
25.1500,2008-01-31
22.9400,2008-01-30
23.1600,2008-01-29
22.9900,2008-01-28
21.7700,2008-01-25
21.9400,2008-01-24
23.7600,2008-01-23
22.3100,2008-01-22
21.8500,2008-01-18
21.7700,2008-01-17
22.0700,2008-01-16
22.0500,2008-01-15
22.7700,2008-01-14
23.4100,2008-01-11
24.7000,2008-01-10
23.0000,2008-01-09
23.3000,2008-01-08
24.8800,2008-01-07
24.6100,2008-01-04
26.0700,2008-01-03
26.3500,2008-01-02
26.6200,2007-12-31
26.9300,2007-12-28
27.4500,2007-12-27
28.7000,2007-12-26
27.9100,2007-12-24
28.1000,2007-12-21
27.2400,2007-12-20
24.8700,2007-12-19
24.1800,2007-12-18
23.1000,2007-12-17
23.5200,2007-12-14
23.0400,2007-12-13
23.1600,2007-12-12
23.3000,2007-12-11
23.4900,2007-12-10
23.5700,2007-12-07
23.9000,2007-12-06
23.9300,2007-12-05
23.7500,2007-12-04
23.7800,2007-12-03
23.1000,2007-11-30
23.1200,2007-11-29
23.0100,2007-11-28
22.3400,2007-11-27
21.4700,2007-11-26
21.7500,2007-11-23
21.5500,2007-11-21
22.6300,2007-11-20
23.2100,2007-11-19
23.8000,2007-11-16
24.0600,2007-11-15
24.8400,2007-11-14
25.4100,2007-11-13
24.5100,2007-11-12
25.2500,2007-11-09
27.1900,2007-11-08
26.8800,2007-11-07
27.2300,2007-11-06
26.5100,2007-11-05
26.2600,2007-11-02
26.2900,2007-11-01
26.4700,2007-10-31
26.4400,2007-10-30
26.3700,2007-10-29
25.2200,2007-10-26
25.3300,2007-10-25
25.2500,2007-10-24
25.9900,2007-10-23
23.0100,2007-10-22
23.2400,2007-10-19
24.0300,2007-10-18
24.2800,2007-10-17
23.9700,2007-10-16
23.9600,2007-10-15
23.0000,2007-10-12
22.9100,2007-10-11
23.4200,2007-10-10
22.7900,2007-10-09
22.2700,2007-10-08
22.0000,2007-10-05
21.1400,2007-10-04
21.0800,2007-10-03
21.2000,2007-10-02
21.2200,2007-10-01
20.7499,2007-09-28
21.3600,2007-09-27
21.9400,2007-09-26
21.0100,2007-09-25
19.2900,2007-09-24
19.1900,2007-09-21
19.4800,2007-09-20
19.6400,2007-09-19
19.2300,2007-09-18
18.4100,2007-09-17
17.7200,2007-09-14
17.3400,2007-09-13
17.3600,2007-09-12
17.6700,2007-09-11
17.4000,2007-09-10
18.0400,2007-09-07
17.9900,2007-09-06
17.9200,2007-09-05
18.1400,2007-09-04
17.5200,2007-08-31
17.2000,2007-08-30
17.5000,2007-08-29
16.9800,2007-08-28
17.1400,2007-08-27
17.8000,2007-08-24
17.2500,2007-08-23
17.4300,2007-08-22
17.3000,2007-08-21
17.1700,2007-08-20
17.2400,2007-08-17
16.9000,2007-08-16
17.4400,2007-08-15
17.4600,2007-08-14
17.3600,2007-08-13
17.8900,2007-08-10
17.7700,2007-08-09
17.9700,2007-08-08
17.3500,2007-08-07
16.9600,2007-08-06
16.5700,2007-08-03
17.1100,2007-08-02
17.1600,2007-08-01
17.2300,2007-07-31
17.3900,2007-07-30
17.1000,2007-07-27
17.8400,2007-07-26
16.7000,2007-07-25
16.0701,2007-07-24
17.2700,2007-07-23
19.6300,2007-07-20
19.9400,2007-07-19
20.1200,2007-07-18
20.2100,2007-07-17
20.0600,2007-07-16
20.1400,2007-07-13
20.1100,2007-07-12
20.0100,2007-07-11
20.1200,2007-07-10
20.4300,2007-07-09
20.3900,2007-07-06
19.8200,2007-07-05
19.7700,2007-07-03
19.4800,2007-07-02
19.3900,2007-06-29
19.8500,2007-06-28
20.7800,2007-06-27
19.5200,2007-06-26
19.6200,2007-06-25
19.6800,2007-06-22
19.9900,2007-06-21
19.5500,2007-06-20
19.9300,2007-06-19
20.0200,2007-06-18
19.7100,2007-06-15
19.1800,2007-06-14
19.4200,2007-06-13
20.0800,2007-06-12
21.9300,2007-06-11
23.4300,2007-06-08
23.9300,2007-06-07
22.6000,2007-06-06
21.3900,2007-06-05
21.4800,2007-06-04
21.5700,2007-06-01
21.8999,2007-05-31
22.0600,2007-05-30
21.8500,2007-05-29
22.5200,2007-05-25
22.5400,2007-05-24
23.1900,2007-05-23
23.0000,2007-05-22
22.5000,2007-05-21
21.9400,2007-05-18
21.8200,2007-05-17
21.7200,2007-05-16
21.7500,2007-05-15
21.9600,2007-05-14
22.0600,2007-05-11
21.9100,2007-05-10
22.1100,2007-05-09
22.1400,2007-05-08
22.2200,2007-05-07
22.1600,2007-05-04
22.2900,2007-05-03
22.1100,2007-05-02
22.1500,2007-05-01
22.1700,2007-04-30
22.2100,2007-04-27
22.1300,2007-04-26
21.5600,2007-04-25
21.6200,2007-04-24
21.7300,2007-04-23
22.1000,2007-04-20
21.5100,2007-04-19
21.7000,2007-04-18
23.9600,2007-04-17
24.5200,2007-04-16
24.6000,2007-04-13
24.6000,2007-04-12
24.6000,2007-04-11
24.8600,2007-04-10
24.3400,2007-04-09
24.2000,2007-04-05
24.5300,2007-04-04
23.7800,2007-04-03
23.4800,2007-04-02
23.1900,2007-03-30
23.4500,2007-03-29
23.3800,2007-03-28
23.5800,2007-03-27
23.2600,2007-03-26
23.7300,2007-03-23
23.1000,2007-03-22
23.0500,2007-03-21
22.4800,2007-03-20
21.3600,2007-03-19
21.0200,2007-03-16
21.1600,2007-03-15
21.1100,2007-03-14
20.5500,2007-03-13
21.0800,2007-03-12
21.0600,2007-03-09
21.2400,2007-03-08
21.1800,2007-03-07
21.4400,2007-03-06
21.0600,2007-03-05
22.2900,2007-03-02
22.8300,2007-03-01
22.5300,2007-02-28
22.1000,2007-02-27
23.1300,2007-02-26
23.5300,2007-02-23
23.7500,2007-02-22
23.3900,2007-02-21
23.5100,2007-02-20
22.8700,2007-02-16
22.5000,2007-02-15
22.6000,2007-02-14
22.9000,2007-02-13
23.1300,2007-02-12
23.1100,2007-02-09
23.7500,2007-02-08
22.9000,2007-02-07
22.3200,2007-02-06
22.6000,2007-02-05
22.8400,2007-02-02
22.7300,2007-02-01
22.8100,2007-01-31
22.9300,2007-01-30
22.5500,2007-01-29
23.1500,2007-01-26
23.2500,2007-01-25
22.7500,2007-01-24
21.7600,2007-01-23
21.9000,2007-01-22
22.5600,2007-01-19
22.2500,2007-01-18
22.8300,2007-01-17
22.7400,2007-01-16
22.7100,2007-01-12
24.2400,2007-01-11
24.0700,2007-01-10
23.9900,2007-01-09
23.8300,2007-01-08
24.8100,2007-01-05
25.3500,2007-01-04
26.6100,2007-01-03
25.8600,2006-12-29
26.1000,2006-12-28
26.4900,2006-12-27
26.8400,2006-12-26
26.2000,2006-12-22
26.7900,2006-12-21
27.3600,2006-12-20
27.0600,2006-12-19
26.6400,2006-12-18
27.6000,2006-12-15
27.7600,2006-12-14
28.4000,2006-12-13
28.3700,2006-12-12
28.4700,2006-12-11
27.6500,2006-12-08
27.7300,2006-12-07
28.4800,2006-12-06
28.9900,2006-12-05
28.9300,2006-12-04
29.4600,2006-12-01
29.2800,2006-11-30
29.1900,2006-11-29
28.8400,2006-11-28
28.9700,2006-11-27
29.3600,2006-11-24
29.5900,2006-11-22
29.2700,2006-11-21
29.0800,2006-11-20
28.9200,2006-11-17
29.2700,2006-11-16
29.7500,2006-11-15
29.0900,2006-11-14
29.4900,2006-11-13
29.3800,2006-11-10
28.9200,2006-11-09
28.8800,2006-11-08
27.6400,2006-11-07
27.2600,2006-11-06
26.7000,2006-11-03
26.7000,2006-11-02
27.5500,2006-11-01
27.6600,2006-10-31
27.9100,2006-10-30
27.5900,2006-10-27
27.7500,2006-10-26
27.7400,2006-10-25
27.3700,2006-10-24
23.0800,2006-10-23
22.2400,2006-10-20
22.1400,2006-10-19
22.3900,2006-10-18
22.7300,2006-10-17
23.2200,2006-10-16
23.2000,2006-10-13
23.4100,2006-10-12
23.3800,2006-10-11
23.6200,2006-10-10
24.0000,2006-10-09
24.1100,2006-10-06
23.8500,2006-10-05
23.2000,2006-10-04
23.0400,2006-10-03
22.8100,2006-10-02
22.7800,2006-09-29
23.1100,2006-09-28
23.1900,2006-09-27
22.9800,2006-09-26
23.1000,2006-09-25
23.0100,2006-09-22
22.9300,2006-09-21
22.4700,2006-09-20
21.9500,2006-09-19
22.3300,2006-09-18
22.7200,2006-09-15
22.4800,2006-09-14
22.2600,2006-09-13
21.7500,2006-09-12
20.6200,2006-09-11
20.2400,2006-09-08
20.3200,2006-09-07
21.0200,2006-09-06
20.2300,2006-09-05
20.0200,2006-09-01
20.0200,2006-08-31
20.0900,2006-08-30
19.3600,2006-08-29
19.2500,2006-08-28
18.7200,2006-08-25
18.5700,2006-08-24
18.6800,2006-08-23
18.7400,2006-08-22
19.5200,2006-08-21
19.8500,2006-08-18
20.0300,2006-08-17
19.7700,2006-08-16
19.9500,2006-08-15
19.9100,2006-08-14
19.8800,2006-08-11
20.1500,2006-08-10
20.1600,2006-08-09
20.3000,2006-08-08
20.6800,2006-08-07
20.9600,2006-08-04
20.3900,2006-08-03
20.8400,2006-08-02
20.5000,2006-08-01
20.6900,2006-07-31
20.8500,2006-07-28
20.2200,2006-07-27
19.0300,2006-07-26
18.7800,2006-07-25
23.7600,2006-07-24
23.0500,2006-07-21
23.3500,2006-07-20
23.6900,2006-07-19
23.4000,2006-07-18
23.8100,2006-07-17
24.1900,2006-07-14
24.9000,2006-07-13
24.5900,2006-07-12
25.3300,2006-07-11
26.4500,2006-07-10
26.6500,2006-07-07
26.6200,2006-07-06
26.6400,2006-07-05
27.2400,2006-07-03
27.2100,2006-06-30
27.1600,2006-06-29
26.5600,2006-06-28
26.9100,2006-06-27
27.7000,2006-06-26
27.3400,2006-06-23
27.6700,2006-06-22
27.1700,2006-06-21
27.0800,2006-06-20
28.0150,2006-06-19
27.1200,2006-06-16
27.7000,2006-06-15
27.9900,2006-06-14
27.5400,2006-06-13
27.0800,2006-06-12
27.4900,2006-06-09
27.7800,2006-06-08
26.4000,2006-06-07
26.8900,2006-06-06
27.2800,2006-06-05
27.9500,2006-06-02
28.5100,2006-06-01
27.6900,2006-05-31
27.5000,2006-05-30
28.8300,2006-05-26
28.7500,2006-05-25
27.9400,2006-05-24
27.9300,2006-05-23
28.0000,2006-05-22
27.8700,2006-05-19
27.7100,2006-05-18
28.0900,2006-05-17
28.6600,2006-05-16
28.4500,2006-05-15
29.5900,2006-05-12
29.7600,2006-05-11
30.9100,2006-05-10
30.7200,2006-05-09
30.0000,2006-05-08
30.3000,2006-05-05
29.9900,2006-05-04
29.7100,2006-05-03
30.2000,2006-05-02
29.6000,2006-05-01
29.6400,2006-04-28
31.2900,2006-04-27
31.4800,2006-04-26
31.6800,2006-04-25
31.2400,2006-04-24
30.8000,2006-04-21
31.1100,2006-04-20
31.0800,2006-04-19
29.8000,2006-04-18
29.2000,2006-04-17
29.1900,2006-04-13
28.7200,2006-04-12
28.5200,2006-04-11
28.2500,2006-04-10
27.9400,2006-04-07
28.2500,2006-04-06
28.6600,2006-04-05
27.4100,2006-04-04
28.1300,2006-04-03
28.9900,2006-03-31
28.6400,2006-03-30
29.2100,2006-03-29
28.0300,2006-03-28
28.8900,2006-03-27
28.6700,2006-03-24
28.2900,2006-03-23
28.0500,2006-03-22
27.1700,2006-03-21
27.0800,2006-03-20
26.1700,2006-03-17
25.4700,2006-03-16
25.1100,2006-03-15
25.4200,2006-03-14
25.1000,2006-03-13
25.5500,2006-03-10
25.2500,2006-03-09
25.1300,2006-03-08
25.4600,2006-03-07
25.6200,2006-03-06
26.7600,2006-03-03
26.8100,2006-03-02
26.8500,2006-03-01
26.8100,2006-02-28
26.5300,2006-02-27
25.9800,2006-02-24
25.7100,2006-02-23
26.3700,2006-02-22
25.7400,2006-02-21
24.9800,2006-02-17
25.1500,2006-02-16
24.9500,2006-02-15
24.5900,2006-02-14
25.2300,2006-02-13
25.4300,2006-02-10
24.5800,2006-02-09
25.1400,2006-02-08
25.9200,2006-02-07
26.2800,2006-02-06
26.1100,2006-02-03
26.1000,2006-02-02
27.1100,2006-02-01
27.5500,2006-01-31
27.6000,2006-01-30
27.8200,2006-01-27
29.0000,2006-01-26
28.5900,2006-01-25
24.7400,2006-01-24
23.2800,2006-01-23
23.4700,2006-01-20
25.4200,2006-01-19
24.8500,2006-01-18
25.7600,2006-01-17
25.5600,2006-01-13
25.7200,2006-01-12
24.8500,2006-01-11
25.4300,2006-01-10
25.0000,2006-01-09
25.0300,2006-01-06
24.9300,2006-01-05
25.0000,2006-01-04
26.0500,2006-01-03
27.0600,2005-12-30
27.2500,2005-12-29
27.2000,2005-12-28
26.9800,2005-12-27
27.7300,2005-12-23
27.6000,2005-12-22
27.3900,2005-12-21
25.1100,2005-12-20
25.6200,2005-12-19
26.3000,2005-12-16
25.9400,2005-12-15
24.4300,2005-12-14
24.0500,2005-12-13
25.1000,2005-12-12
25.7400,2005-12-09
27.5000,2005-12-08
27.3800,2005-12-07
27.7500,2005-12-06
27.7000,2005-12-05
27.6900,2005-12-02
27.1100,2005-12-01
27.5400,2005-11-30
27.0000,2005-11-29
27.5800,2005-11-28
29.2500,2005-11-25
29.0200,2005-11-23
29.2000,2005-11-22
28.7100,2005-11-21
28.4200,2005-11-18
28.7500,2005-11-17
27.7400,2005-11-16
27.9500,2005-11-15
29.0200,2005-11-14
30.0700,2005-11-11
29.5500,2005-11-10
28.1500,2005-11-09
28.5600,2005-11-08
27.8100,2005-11-07
27.5900,2005-11-04
27.0800,2005-11-03
27.1200,2005-11-02
25.6800,2005-11-01
26.4100,2005-10-31
26.2800,2005-10-28
25.9000,2005-10-27
24.9800,2005-10-26
27.4100,2005-10-25
26.9700,2005-10-24
26.1500,2005-10-21
25.6300,2005-10-20
28.3500,2005-10-19
27.4500,2005-10-18
29.1000,2005-10-17
28.7600,2005-10-14
27.9000,2005-10-13
27.5100,2005-10-12
28.2100,2005-10-11
28.6900,2005-10-10
27.2500,2005-10-07
25.6800,2005-10-06
25.9900,2005-10-05
26.9900,2005-10-04
26.6400,2005-10-03
25.9900,2005-09-30
24.4000,2005-09-29
24.2400,2005-09-28
24.3000,2005-09-27
23.9700,2005-09-26
24.1700,2005-09-23
23.6200,2005-09-22
22.6700,2005-09-21
23.1800,2005-09-20
23.2700,2005-09-19
24.2000,2005-09-16
23.4200,2005-09-15
23.6700,2005-09-14
24.3700,2005-09-13
25.2100,2005-09-12
24.9700,2005-09-09
24.0900,2005-09-08
22.5900,2005-09-07
22.7600,2005-09-06
21.5400,2005-09-02
21.4500,2005-09-01
21.5600,2005-08-31
21.4000,2005-08-30
21.9400,2005-08-29
21.1900,2005-08-26
21.0600,2005-08-25
21.0400,2005-08-24
21.1000,2005-08-23
21.4500,2005-08-22
21.3800,2005-08-19
21.4100,2005-08-18
21.8900,2005-08-17
22.2400,2005-08-16
21.9700,2005-08-15
22.1000,2005-08-12
21.0000,2005-08-11
20.8700,2005-08-10
21.3400,2005-08-09
21.7600,2005-08-08
20.9700,2005-08-05
20.6400,2005-08-04
20.8900,2005-08-03
19.5700,2005-08-02
19.3400,2005-08-01
18.5600,2005-07-29
18.9100,2005-07-28
19.5200,2005-07-27
19.0100,2005-07-26
16.9600,2005-07-25
16.4000,2005-07-22
16.6500,2005-07-21
16.8900,2005-07-20
16.3900,2005-07-19
16.2800,2005-07-18
16.4000,2005-07-15
16.5000,2005-07-14
16.5300,2005-07-13
16.8500,2005-07-12
17.2100,2005-07-11
16.7100,2005-07-08
16.9300,2005-07-07
16.7300,2005-07-06
16.4400,2005-07-05
16.5500,2005-07-01
16.4100,2005-06-30
16.3400,2005-06-29
16.0800,2005-06-28
15.9900,2005-06-27
15.7700,2005-06-24
16.0500,2005-06-23
16.5200,2005-06-22
16.6600,2005-06-21
17.1900,2005-06-20
17.2200,2005-06-17
17.6300,2005-06-16
17.1500,2005-06-15
17.0000,2005-06-14
16.6600,2005-06-13
16.9100,2005-06-10
15.6500,2005-06-09
14.8600,2005-06-08
15.0000,2005-06-07
15.2200,2005-06-06
14.6700,2005-06-03
14.8800,2005-06-02
14.5000,2005-06-01
14.2900,2005-05-31
14.5500,2005-05-27
14.6400,2005-05-26
14.5400,2005-05-25
14.4400,2005-05-24
15.5500,2005-05-23
15.9300,2005-05-20
16.1300,2005-05-19
15.5000,2005-05-18
14.4800,2005-05-17
14.8500,2005-05-16
14.2800,2005-05-13
13.8300,2005-05-12
12.9500,2005-05-11
11.5800,2005-05-10
11.6100,2005-05-09
11.5700,2005-05-06
11.4400,2005-05-05
11.6000,2005-05-04
11.5400,2005-05-03
11.5700,2005-05-02
11.5500,2005-04-29
11.5100,2005-04-28
11.5000,2005-04-27
11.3000,2005-04-26
11.5000,2005-04-25
11.2000,2005-04-22
12.0500,2005-04-21
11.4500,2005-04-20
11.6200,2005-04-19
11.3300,2005-04-18
11.6900,2005-04-15
11.9800,2005-04-14
12.1100,2005-04-13
11.6700,2005-04-12
11.8900,2005-04-11
12.0100,2005-04-08
11.2400,2005-04-07
11.1000,2005-04-06
10.8200,2005-04-05
10.9600,2005-04-04
10.8300,2005-04-01
10.8500,2005-03-31
10.2500,2005-03-30
10.1000,2005-03-29
9.7800,2005-03-28
9.0300,2005-03-24
9.1900,2005-03-23
9.1500,2005-03-22
9.3100,2005-03-21
9.2000,2005-03-18
9.2000,2005-03-17
9.1700,2005-03-16
9.2000,2005-03-15
9.5000,2005-03-14
9.4300,2005-03-11
9.8900,2005-03-10
10.0100,2005-03-09
10.1200,2005-03-08
10.5900,2005-03-07
10.7000,2005-03-04
10.5600,2005-03-03
10.6800,2005-03-02
10.7900,2005-03-01
10.7000,2005-02-28
10.9900,2005-02-25
10.4000,2005-02-24
10.1900,2005-02-23
10.2100,2005-02-22
10.6700,2005-02-18
10.5000,2005-02-17
10.9500,2005-02-16
11.2500,2005-02-15
11.1600,2005-02-14
11.1500,2005-02-11
11.3300,2005-02-10
11.4700,2005-02-09
11.5000,2005-02-08
11.5300,2005-02-07
12.0200,2005-02-04
11.9000,2005-02-03
11.2200,2005-02-02
11.4800,2005-02-01
11.5000,2005-01-31
11.4400,2005-01-28
11.2100,2005-01-27
11.0300,2005-01-26
11.3300,2005-01-25
11.1400,2005-01-24
11.0400,2005-01-21
11.0900,2005-01-20
11.0700,2005-01-19
11.3000,2005-01-18
11.3300,2005-01-14
10.8600,2005-01-13
10.7500,2005-01-12
11.0100,2005-01-11
11.2700,2005-01-10
11.1200,2005-01-07
11.0500,2005-01-06
11.2000,2005-01-05
11.6600,2005-01-04
11.9200,2005-01-03
12.3300,2004-12-31
12.6800,2004-12-30
12.6300,2004-12-29
12.1000,2004-12-28
11.6000,2004-12-27
11.5300,2004-12-23
11.7000,2004-12-22
12.6000,2004-12-21
12.7000,2004-12-20
12.9800,2004-12-17
13.3600,2004-12-16
12.8150,2004-12-15
12.6000,2004-12-14
12.7800,2004-12-13
11.7400,2004-12-10
11.7300,2004-12-09
11.3100,2004-12-08
11.6700,2004-12-07
11.2000,2004-12-06
11.3000,2004-12-03
11.3500,2004-12-02
11.2500,2004-12-01
11.3800,2004-11-30
11.4200,2004-11-29
11.3500,2004-11-26
11.3600,2004-11-24
10.9500,2004-11-23
11.3100,2004-11-22
11.2500,2004-11-19
11.9200,2004-11-18
10.4600,2004-11-17
10.8200,2004-11-16
11.2300,2004-11-15
10.8600,2004-11-12
10.7500,2004-11-11
10.3800,2004-11-10
10.6600,2004-11-09
10.8600,2004-11-08
10.9200,2004-11-05
10.5700,2004-11-04
10.1200,2004-11-03
9.9100,2004-11-02
9.4300,2004-11-01
9.4700,2004-10-29
9.5900,2004-10-28
9.6800,2004-10-27
9.6100,2004-10-26
9.9900,2004-10-25
9.8000,2004-10-22
10.0700,2004-10-21
10.1000,2004-10-20
9.9300,2004-10-19
9.8700,2004-10-18
10.3000,2004-10-15
17.4300,2004-10-14
17.3500,2004-10-13
17.2800,2004-10-12
17.4300,2004-10-11
16.7600,2004-10-08
17.5400,2004-10-07
17.9500,2004-10-06
18.0500,2004-10-05
17.2500,2004-10-04
16.3300,2004-10-01
15.4200,2004-09-30
16.3800,2004-09-29
16.3900,2004-09-28
16.3400,2004-09-27
16.6500,2004-09-24
16.8000,2004-09-23
16.8500,2004-09-22
17.5100,2004-09-21
17.7600,2004-09-20
16.9900,2004-09-17
17.0900,2004-09-16
15.9000,2004-09-15
16.3200,2004-09-14
15.8200,2004-09-13
14.9400,2004-09-10
15.0800,2004-09-09
15.0700,2004-09-08
15.4100,2004-09-07
14.3600,2004-09-03
14.8500,2004-09-02
14.2700,2004-09-01
13.9500,2004-08-31
14.4500,2004-08-30
15.1500,2004-08-27
15.2400,2004-08-26
15.6700,2004-08-25
15.4600,2004-08-24
15.9100,2004-08-23
15.8400,2004-08-20
15.8500,2004-08-19
15.7400,2004-08-18
15.5700,2004-08-17
15.3800,2004-08-16
14.9800,2004-08-13
15.3800,2004-08-12
16.1100,2004-08-11
17.1400,2004-08-10
16.4200,2004-08-09
16.9100,2004-08-06
17.1000,2004-08-05
17.5300,2004-08-04
19.2500,2004-08-03
20.1600,2004-08-02
20.5000,2004-07-30
20.3000,2004-07-29
20.2300,2004-07-28
20.3600,2004-07-27
19.0600,2004-07-26
20.2700,2004-07-23
20.2400,2004-07-22
20.0000,2004-07-21
21.5600,2004-07-20
20.1700,2004-07-19
23.0200,2004-07-16
32.0000,2004-07-15
32.0600,2004-07-14
31.8400,2004-07-13
32.5800,2004-07-12
33.4300,2004-07-09
31.9100,2004-07-08
33.3500,2004-07-07
33.5200,2004-07-06
32.3100,2004-07-02
35.9500,2004-07-01
36.0000,2004-06-30
34.1800,2004-06-29
34.0000,2004-06-28
31.9900,2004-06-25
31.0900,2004-06-24
30.6900,2004-06-23
28.9900,2004-06-22
28.9200,2004-06-21
29.5500,2004-06-18
29.8200,2004-06-17
30.2400,2004-06-16
29.7300,2004-06-15
29.5500,2004-06-14
31.1900,2004-06-10
31.3000,2004-06-09
32.0100,2004-06-08
32.1000,2004-06-07
31.4000,2004-06-04
31.1500,2004-06-03
32.4700,2004-06-02
32.6000,2004-06-01
32.9200,2004-05-28
33.2000,2004-05-27
32.5400,2004-05-26
32.1000,2004-05-25
31.9500,2004-05-24
31.2600,2004-05-21
30.9400,2004-05-20
31.3500,2004-05-19
31.0000,2004-05-18
30.5000,2004-05-17
30.7400,2004-05-14
30.6900,2004-05-13
29.5100,2004-05-12
29.4000,2004-05-11
26.9900,2004-05-10
27.3400,2004-05-07
28.2100,2004-05-06
28.7900,2004-05-05
26.9700,2004-05-04
26.9000,2004-05-03
25.3600,2004-04-30
26.0500,2004-04-29
27.6790,2004-04-28
28.0400,2004-04-27
28.6100,2004-04-26
29.6100,2004-04-23
29.7800,2004-04-22
29.0100,2004-04-21
29.1000,2004-04-20
30.6500,2004-04-19
30.7500,2004-04-16
37.0200,2004-04-15
36.5000,2004-04-14
36.5900,2004-04-13
37.7100,2004-04-12
37.6500,2004-04-08
35.6300,2004-04-07
35.6000,2004-04-06
35.7000,2004-04-05
35.1800,2004-04-02
35.3600,2004-04-01
34.1200,2004-03-31
34.3700,2004-03-30
33.3900,2004-03-29
28.9700,2004-03-26
29.6000,2004-03-25
28.3300,2004-03-24
28.5000,2004-03-23
29.2500,2004-03-22
30.7300,2004-03-19
30.9000,2004-03-18
30.5200,2004-03-17
29.0500,2004-03-16
29.5500,2004-03-15
30.7700,2004-03-12
30.0200,2004-03-11
30.6100,2004-03-10
31.1500,2004-03-09
31.9800,2004-03-08
33.2700,2004-03-05
32.6800,2004-03-04
33.0200,2004-03-03
34.4600,2004-03-02
34.7500,2004-03-01
34.4000,2004-02-27
33.6000,2004-02-26
31.1100,2004-02-25
31.2000,2004-02-24
35.0200,2004-02-23
35.3800,2004-02-20
34.1500,2004-02-19
35.2400,2004-02-18
35.2800,2004-02-17
35.5400,2004-02-13
37.3000,2004-02-12
71.9600,2004-02-11
72.8000,2004-02-10
76.5600,2004-02-09
76.6300,2004-02-06
73.1600,2004-02-05
69.6500,2004-02-04
71.9000,2004-02-03
72.7300,2004-02-02
73.4100,2004-01-30
70.7500,2004-01-29
71.9000,2004-01-28
75.1860,2004-01-27
76.2600,2004-01-26
77.5000,2004-01-23
77.6600,2004-01-22
65.8000,2004-01-21
67.7500,2004-01-20
65.5600,2004-01-16
64.7900,2004-01-15
65.1000,2004-01-14
65.3100,2004-01-13
64.0500,2004-01-12
62.0000,2004-01-09
62.0600,2004-01-08
62.2400,2004-01-07
59.6100,2004-01-06
55.9000,2004-01-05
54.8300,2004-01-02
54.6900,2003-12-31
56.7900,2003-12-30
58.3100,2003-12-29
58.2000,2003-12-26
56.9800,2003-12-24
54.8700,2003-12-23
51.9700,2003-12-22
51.0700,2003-12-19
51.1690,2003-12-18
50.4900,2003-12-17
44.8000,2003-12-16
45.3200,2003-12-15
46.8100,2003-12-12
47.4400,2003-12-11
45.0500,2003-12-10
45.4400,2003-12-09
47.2100,2003-12-08
47.4700,2003-12-05
48.0400,2003-12-04
49.7700,2003-12-03
50.9000,2003-12-02
50.7000,2003-12-01
49.0000,2003-11-28
48.3100,2003-11-26
48.0100,2003-11-25
46.8000,2003-11-24
45.6500,2003-11-21
45.5600,2003-11-20
46.4400,2003-11-19
46.5700,2003-11-18
44.6000,2003-11-17
46.7700,2003-11-14
48.5000,2003-11-13
50.2390,2003-11-12
47.0300,2003-11-11
46.6000,2003-11-10
46.8800,2003-11-07
50.8300,2003-11-06
58.7200,2003-11-05
59.6000,2003-11-04
58.4500,2003-11-03
57.2200,2003-10-31
58.4100,2003-10-30
59.0600,2003-10-29
56.4800,2003-10-28
53.7490,2003-10-27
51.9900,2003-10-24
52.1300,2003-10-23
52.4500,2003-10-22
54.5000,2003-10-21
54.7410,2003-10-20
52.1300,2003-10-17
51.8500,2003-10-16
44.7000,2003-10-15
47.2200,2003-10-14
46.8300,2003-10-13
44.6500,2003-10-10
43.0700,2003-10-09
43.0000,2003-10-08
44.0500,2003-10-07
41.3600,2003-10-06
40.1500,2003-10-03
40.9700,2003-10-02
34.5100,2003-10-01
33.5600,2003-09-30
33.4800,2003-09-29
33.4900,2003-09-26
34.8100,2003-09-25
38.0000,2003-09-24
39.1300,2003-09-23
38.7900,2003-09-22
37.0000,2003-09-19
36.5400,2003-09-18
35.7500,2003-09-17
35.9000,2003-09-16
35.5100,2003-09-15
34.5700,2003-09-12
32.8700,2003-09-11
33.9100,2003-09-10
35.5100,2003-09-09
34.7200,2003-09-08
34.5500,2003-09-05
33.4900,2003-09-04
33.3000,2003-09-03
33.6500,2003-09-02
33.3300,2003-08-29
31.6400,2003-08-28
32.3700,2003-08-27
29.7900,2003-08-26
28.0700,2003-08-25
28.8000,2003-08-22
28.8300,2003-08-21
27.7200,2003-08-20
25.8400,2003-08-19
24.8500,2003-08-18
24.9900,2003-08-15
24.9400,2003-08-14
24.2200,2003-08-13
24.8700,2003-08-12
24.8200,2003-08-11
23.4900,2003-08-08
23.0900,2003-08-07
23.3600,2003-08-06
24.3100,2003-08-05
24.9500,2003-08-04
24.9500,2003-08-01
26.2000,2003-07-31
25.9550,2003-07-30
26.6900,2003-07-29
26.6200,2003-07-28
27.0200,2003-07-25
26.4000,2003-07-24
26.6700,2003-07-23
24.7000,2003-07-22
23.5300,2003-07-21
24.1500,2003-07-18
25.2800,2003-07-17
25.4800,2003-07-16
26.3800,2003-07-15
28.1400,2003-07-14
26.4900,2003-07-11
26.9100,2003-07-10
27.5600,2003-07-09
27.4300,2003-07-08
26.8000,2003-07-07
27.7500,2003-07-03
27.1600,2003-07-02
24.7500,2003-07-01
25.5500,2003-06-30
24.9000,2003-06-27
24.8800,2003-06-26
23.1200,2003-06-25
22.8500,2003-06-24
21.5000,2003-06-23
21.7000,2003-06-20
21.9700,2003-06-19
21.4600,2003-06-18
21.2100,2003-06-17
21.7500,2003-06-16
19.2000,2003-06-13
21.9200,2003-06-12
22.4500,2003-06-11
22.7000,2003-06-10
23.0010,2003-06-09
23.6100,2003-06-06
25.4100,2003-06-05
24.4000,2003-06-04
23.8610,2003-06-03
23.3000,2003-06-02
22.4500,2003-05-30
22.8000,2003-05-29
22.6000,2003-05-28
22.6900,2003-05-27
22.1200,2003-05-23
22.5900,2003-05-22
21.1900,2003-05-21
21.7500,2003-05-20
20.7900,2003-05-19
23.7900,2003-05-16
24.4600,2003-05-15
24.4800,2003-05-14
25.1500,2003-05-13
23.5300,2003-05-12
22.6200,2003-05-09
22.8800,2003-05-08
23.6350,2003-05-07
23.2200,2003-05-06
23.3700,2003-05-05
22.6310,2003-05-02
22.5000,2003-05-01
22.8000,2003-04-30
22.8000,2003-04-29
22.1600,2003-04-28
21.1500,2003-04-25
22.0200,2003-04-24
20.7200,2003-04-23
22.9700,2003-04-22
24.6300,2003-04-21
21.9600,2003-04-17
20.5710,2003-04-16
20.1500,2003-04-15
20.2000,2003-04-14
20.7700,2003-04-11
21.0200,2003-04-10
20.4000,2003-04-09
20.1800,2003-04-08
19.9500,2003-04-07
19.5500,2003-04-04
20.0000,2003-04-03
19.8400,2003-04-02
18.9600,2003-04-01
20.3500,2003-03-31
21.0600,2003-03-28
21.7300,2003-03-27
20.6000,2003-03-26
19.2500,2003-03-25
18.0000,2003-03-24
18.5500,2003-03-21
18.8300,2003-03-20
19.2400,2003-03-19
18.7500,2003-03-18
18.0000,2003-03-17
16.5500,2003-03-14
16.2500,2003-03-13
15.0600,2003-03-12
15.5000,2003-03-11
15.7300,2003-03-10
16.0900,2003-03-07
16.3000,2003-03-06
16.1500,2003-03-05
16.3500,2003-03-04
15.9600,2003-03-03
17.1100,2003-02-28
16.5000,2003-02-27
14.5500,2003-02-26
14.6500,2003-02-25
14.0400,2003-02-24
14.9000,2003-02-21
15.3800,2003-02-20
15.1400,2003-02-19
14.6600,2003-02-18
14.2400,2003-02-14
13.2200,2003-02-13
13.2800,2003-02-12
12.9800,2003-02-11
12.4700,2003-02-10
12.1800,2003-02-07
11.6500,2003-02-06
11.9400,2003-02-05
12.3000,2003-02-04
12.8000,2003-02-03
13.2000,2003-01-31
12.6300,2003-01-30
12.5500,2003-01-29
12.5500,2003-01-28
12.2800,2003-01-27
12.3300,2003-01-24
12.1900,2003-01-23
11.6000,2003-01-22
11.4000,2003-01-21
11.4400,2003-01-17
12.0000,2003-01-16
12.2000,2003-01-15
12.0400,2003-01-14
12.1400,2003-01-13
12.4200,2003-01-10
11.7400,2003-01-09
11.4100,2003-01-08
10.9700,2003-01-07
11.1000,2003-01-06
10.8200,2003-01-03
11.4500,2003-01-02
11.0100,2002-12-31
9.9900,2002-12-30
9.6700,2002-12-27
9.7500,2002-12-26
9.9000,2002-12-24
10.2500,2002-12-23
10.7000,2002-12-20
10.8000,2002-12-19
11.0000,2002-12-18
12.6900,2002-12-17
12.7900,2002-12-16
12.5000,2002-12-13
12.6100,2002-12-12
12.5600,2002-12-11
12.2000,2002-12-10
11.1900,2002-12-09
10.9500,2002-12-06
11.0000,2002-12-05
9.9490,2002-12-04
10.7900,2002-12-03
10.6600,2002-12-02
10.8500,2002-11-29
10.5200,2002-11-27
10.4900,2002-11-26
11.1000,2002-11-25
11.0100,2002-11-22
11.0000,2002-11-21
10.0400,2002-11-20
9.3000,2002-11-19
10.9000,2002-11-18
9.1000,2002-11-15
8.6600,2002-11-14
8.9800,2002-11-13
8.0900,2002-11-12
8.4100,2002-11-11
8.5500,2002-11-08
8.3000,2002-11-07
8.8100,2002-11-06
9.1200,2002-11-05
9.4000,2002-11-04
8.9400,2002-11-01
8.9710,2002-10-31
8.9800,2002-10-30
9.2000,2002-10-29
9.6000,2002-10-28
9.0000,2002-10-25
8.1100,2002-10-24
8.2500,2002-10-23
8.7590,2002-10-22
8.9100,2002-10-21
9.5600,2002-10-18
7.7000,2002-10-17
6.4300,2002-10-16
7.7000,2002-10-15
7.4800,2002-10-14
6.5900,2002-10-11
7.0900,2002-10-10
5.2200,2002-10-09
5.6700,2002-10-08
5.7700,2002-10-07
6.5630,2002-10-04
7.2510,2002-10-03
8.1000,2002-10-02
9.5000,2002-10-01
9.7000,2002-09-30
10.0800,2002-09-27
10.9700,2002-09-26
10.2500,2002-09-25
10.0500,2002-09-24
9.9610,2002-09-23
9.9190,2002-09-20
10.1400,2002-09-19
11.0300,2002-09-18
11.9800,2002-09-17
12.0000,2002-09-16
12.3000,2002-09-13
12.9500,2002-09-12
13.4600,2002-09-11
13.2300,2002-09-10
12.6200,2002-09-09
12.8000,2002-09-06
12.8500,2002-09-05
13.0000,2002-09-04
12.9600,2002-09-03
13.1100,2002-08-30
12.6500,2002-08-29
12.1000,2002-08-28
12.2300,2002-08-27
13.5500,2002-08-26
13.9100,2002-08-23
13.7700,2002-08-22
13.5600,2002-08-21
13.2500,2002-08-20
13.7500,2002-08-19
12.7800,2002-08-16
12.3600,2002-08-15
11.6700,2002-08-14
10.8200,2002-08-13
10.6000,2002-08-12
11.0200,2002-08-09
11.1500,2002-08-08
11.1100,2002-08-07
10.6500,2002-08-06
10.8500,2002-08-05
10.8900,2002-08-02
12.4800,2002-08-01
13.3500,2002-07-31
12.8000,2002-07-30
12.2700,2002-07-29
12.2000,2002-07-26
14.5100,2002-07-25
15.6000,2002-07-24
16.0500,2002-07-23
16.3900,2002-07-22
16.2400,2002-07-19
16.0900,2002-07-18
15.2500,2002-07-17
15.7700,2002-07-16
16.0000,2002-07-15
16.9100,2002-07-12
17.7700,2002-07-11
16.2900,2002-07-10
16.2500,2002-07-09
16.4600,2002-07-08
17.8700,2002-07-05
17.0000,2002-07-03
16.4200,2002-07-02
14.3900,2002-07-01
13.9900,2002-06-28
13.2100,2002-06-27
13.8400,2002-06-26
13.5000,2002-06-25
13.7000,2002-06-24
13.7100,2002-06-21
13.4000,2002-06-20
13.3200,2002-06-19
12.7500,2002-06-18
12.9100,2002-06-17
13.8100,2002-06-14
15.1600,2002-06-13
15.3000,2002-06-12
16.1500,2002-06-11
16.1900,2002-06-10
15.6600,2002-06-07
16.5500,2002-06-06
16.0600,2002-06-05
15.6500,2002-06-04
15.8000,2002-06-03
15.0700,2002-05-31
15.0000,2002-05-30
15.4500,2002-05-29
16.2000,2002-05-28
16.9400,2002-05-24
16.7500,2002-05-23
